factor,day,equity
聪明钱Q,2026-02-20,1.0009757023817112
聪明钱Q,2026-02-21,1.021025751509498
聪明钱Q,2026-02-22,1.0008534722683846
聪明钱Q,2026-02-23,1.022308403727568
聪明钱Q,2026-02-24,1.0058818539507346
聪明钱Q,2026-02-25,0.9952054217194582
聪明钱Q,2026-02-26,0.9891728185661699
聪明钱Q,2026-02-27,0.9918305301196457
聪明钱Q,2026-02-28,1.0137020385993842
聪明钱Q,2026-03-01,1.021060338689312
聪明钱Q,2026-03-02,1.0150718560937
聪明钱Q,2026-03-03,1.03002428899545
聪明钱Q,2026-03-04,1.0265521915353373
聪明钱Q,2026-03-05,1.0285151906671453
聪明钱Q,2026-03-06,1.038493958712559
聪明钱Q,2026-03-07,1.0356701446385437
聪明钱Q,2026-03-08,1.05903880506474
聪明钱Q,2026-03-09,1.0898912102508271
聪明钱Q,2026-03-10,1.0847593059202807
聪明钱Q,2026-03-11,1.0727478941518749
聪明钱Q,2026-03-12,1.052701078062508
聪明钱Q,2026-03-13,1.0535085465630671
聪明钱Q,2026-03-14,1.0577462916678058
聪明钱Q,2026-03-15,1.0196094795642734
聪明钱Q,2026-03-16,1.0258748153775694
聪明钱Q,2026-03-17,1.0218365397051203
聪明钱Q,2026-03-18,1.0288263896989795
聪明钱Q,2026-03-19,1.0299930573307565
聪明钱Q,2026-03-20,1.0217332482899242
聪明钱Q,2026-03-21,1.0192261617967027
聪明钱Q,2026-03-22,0.9789960396835078
聪明钱Q,2026-03-23,0.9769315354574389
聪明钱Q,2026-03-24,0.9988765788813343
聪明钱Q,2026-03-25,0.9883492823128595
聪明钱Q,2026-03-26,0.9852772163667023
聪明钱Q,2026-03-27,0.9910465821309871
聪明钱Q,2026-03-28,0.9900925262184935
聪明钱Q,2026-03-29,0.9947932184759718
聪明钱Q,2026-03-30,0.9964327091730172
聪明钱Q,2026-03-31,0.9907038453218545
聪明钱Q,2026-04-01,0.9434439425267164
聪明钱Q,2026-04-02,0.9591703253214529
聪明钱Q,2026-04-03,0.95995986108873
聪明钱Q,2026-04-04,0.9577858236486285
聪明钱Q,2026-04-05,0.9663150381842984
聪明钱Q,2026-04-06,0.9489483101828685
聪明钱Q,2026-04-07,0.9506868827165916
聪明钱Q,2026-04-08,0.9551071181141951
聪明钱Q,2026-04-09,0.9355936032313695
聪明钱Q,2026-04-10,0.9388702285729322
聪明钱Q,2026-04-11,0.9469943231964739
聪明钱Q,2026-04-12,0.9481968193202801
聪明钱Q,2026-04-13,0.954590645570775
聪明钱Q,2026-04-14,0.9583101124724079
聪明钱Q,2026-04-15,0.9320625541839471
聪明钱Q,2026-04-16,0.9348227597300427
聪明钱Q,2026-04-17,0.9566032809577558
聪明钱Q,2026-04-18,0.9548596788607456
聪明钱Q,2026-04-19,0.9473416300824684
聪明钱Q,2026-04-20,0.953351234008904
聪明钱Q,2026-04-21,0.9529554023133437
聪明钱Q,2026-04-22,0.9456810672178555
聪明钱Q,2026-04-23,0.9425354786234255
聪明钱Q,2026-04-24,0.943340778035415
聪明钱Q,2026-04-25,0.9050624850888999
聪明钱Q,2026-04-26,0.9175264676130515
聪明钱Q,2026-04-27,0.922586775735953
聪明钱Q,2026-04-28,0.9268110719682235
聪明钱Q,2026-04-29,0.9291890224433297
聪明钱Q,2026-04-30,0.9059848002386091
聪明钱Q,2026-05-01,0.9057883204738756
聪明钱Q,2026-05-02,0.9038645487424823
聪明钱Q,2026-05-03,0.907262815813638
聪明钱Q,2026-05-04,0.905106622945044
聪明钱Q,2026-05-05,0.8806653659322952
聪明钱Q,2026-05-06,0.8919760557595314
聪明钱Q,2026-05-07,0.8476531715344954
聪明钱Q,2026-05-08,0.8691610367059769
聪明钱Q,2026-05-09,0.8727677889305103
聪明钱Q,2026-05-10,0.8740919477941015
聪明钱Q,2026-05-11,0.8726178765116127
聪明钱Q,2026-05-12,0.8930165357491809
聪明钱Q,2026-05-13,0.901754894790678
聪明钱Q,2026-05-14,0.9199052004055274
聪明钱Q,2026-05-15,0.9219730180220559
聪明钱Q,2026-05-16,0.9281422282311358
聪明钱Q,2026-05-17,0.903768966415775
聪明钱Q,2026-05-18,0.8983353274587409
聪明钱Q,2026-05-19,0.9097634775288883
聪明钱Q,2026-05-20,0.8938696097959399
聪明钱Q,2026-05-21,0.8567261091910056
聪明钱Q,2026-05-22,0.8496192956195294
聪明钱Q,2026-05-23,0.8486431174829668
聪明钱Q,2026-05-24,0.8420050060738675
聪明钱Q,2026-05-25,0.8272381033994407
聪明钱Q,2026-05-26,0.8141211801746646
聪明钱Q,2026-05-27,0.7904126556088881
聪明钱Q,2026-05-28,0.7357625543736889
聪明钱Q,2026-05-29,0.7420266324239917
聪明钱Q,2026-05-30,0.7281936427641252
聪明钱Q,2026-05-31,0.7243054268988868
聪明钱Q,2026-06-01,0.7265360070359479
聪明钱Q,2026-06-02,0.720905686641974
聪明钱Q,2026-06-03,0.717328474871823
聪明钱Q,2026-06-04,0.7194418857113536
聪明钱Q,2026-06-05,0.6932694077183641
聪明钱Q,2026-06-06,0.6892335172045638
聪明钱Q,2026-06-07,0.702994300526805
聪明钱Q,2026-06-08,0.7145217320166962
聪明钱Q,2026-06-09,0.7119063928236296
聪明钱Q,2026-06-10,0.7157314326820793
聪明钱Q,2026-06-11,0.7145366250272243
聪明钱Q,2026-06-12,0.7223863601312421
聪明钱Q,2026-06-13,0.7224279795398817
聪明钱Q,2026-06-14,0.6971758909771677
聪明钱Q,2026-06-15,0.68518084430203
聪明钱Q,2026-06-16,0.6806407423209316
聪明钱Q,2026-06-17,0.6729919027522595
聪明钱Q,2026-06-18,0.694149514929125
理想反转hi,2026-02-20,1.0004110904016688
理想反转hi,2026-02-21,1.0106865382147676
理想反转hi,2026-02-22,1.0427163573800136
理想反转hi,2026-02-23,1.0469463183017684
理想反转hi,2026-02-24,1.0710288251277116
理想反转hi,2026-02-25,1.085108264658107
理想反转hi,2026-02-26,1.0801912758611327
理想反转hi,2026-02-27,1.0709783158311927
理想反转hi,2026-02-28,1.0820809981853485
理想反转hi,2026-03-01,1.0599133578407167
理想反转hi,2026-03-02,1.0697646060305148
理想反转hi,2026-03-03,1.1002414089288108
理想反转hi,2026-03-04,1.1063208114961391
理想反转hi,2026-03-05,1.1196532058129987
理想反转hi,2026-03-06,1.1277156534404618
理想反转hi,2026-03-07,1.131201329984399
理想反转hi,2026-03-08,1.1517297623586988
理想反转hi,2026-03-09,1.1393419901467008
理想反转hi,2026-03-10,1.1524672652134182
理想反转hi,2026-03-11,1.1662786214537975
理想反转hi,2026-03-12,1.1626783812348715
理想反转hi,2026-03-13,1.1588154418895358
理想反转hi,2026-03-14,1.1755795096190702
理想反转hi,2026-03-15,1.1964284454730667
理想反转hi,2026-03-16,1.1824003406659414
理想反转hi,2026-03-17,1.1991054098583096
理想反转hi,2026-03-18,1.1951881174409602
理想反转hi,2026-03-19,1.199808878389612
理想反转hi,2026-03-20,1.1893593942864675
理想反转hi,2026-03-21,1.1783957939453154
理想反转hi,2026-03-22,1.2022093124960447
理想反转hi,2026-03-23,1.1911741176065331
理想反转hi,2026-03-24,1.2025136082233296
理想反转hi,2026-03-25,1.218470687014727
理想反转hi,2026-03-26,1.2151736849808046
理想反转hi,2026-03-27,1.1991344179205452
理想反转hi,2026-03-28,1.2107018910523684
理想反转hi,2026-03-29,1.1949244880619871
理想反转hi,2026-03-30,1.186518619990404
理想反转hi,2026-03-31,1.2010439834708038
理想反转hi,2026-04-01,1.1962375473955242
理想反转hi,2026-04-02,1.1897275806525647
理想反转hi,2026-04-03,1.1846152678790338
理想反转hi,2026-04-04,1.1843211895491557
理想反转hi,2026-04-05,1.1863516796671836
理想反转hi,2026-04-06,1.185205454349963
理想反转hi,2026-04-07,1.16959570390608
理想反转hi,2026-04-08,1.1495466808942227
理想反转hi,2026-04-09,1.140766427380392
理想反转hi,2026-04-10,1.1427454114035445
理想反转hi,2026-04-11,1.1446225075880199
理想反转hi,2026-04-12,1.1697632278227246
理想反转hi,2026-04-13,1.1575212840807592
理想反转hi,2026-04-14,1.1497124688647817
理想反转hi,2026-04-15,1.1099699902278202
理想反转hi,2026-04-16,1.099846840581224
理想反转hi,2026-04-17,1.1019106301570554
理想反转hi,2026-04-18,1.103743340405099
理想反转hi,2026-04-19,1.0989120903199932
理想反转hi,2026-04-20,1.0984013400022945
理想反转hi,2026-04-21,1.087099335830067
理想反转hi,2026-04-22,1.0864361122234756
理想反转hi,2026-04-23,1.0841767461005023
理想反转hi,2026-04-24,1.0794781781839924
理想反转hi,2026-04-25,1.1026577907140147
理想反转hi,2026-04-26,1.1119195170088456
理想反转hi,2026-04-27,1.115545929740069
理想反转hi,2026-04-28,1.1094956459192922
理想反转hi,2026-04-29,1.1039847915851022
理想反转hi,2026-04-30,1.1174377609925619
理想反转hi,2026-05-01,1.1327984229832595
理想反转hi,2026-05-02,1.1252840254710055
理想反转hi,2026-05-03,1.118774577579293
理想反转hi,2026-05-04,1.129103383071323
理想反转hi,2026-05-05,1.1748546151896126
理想反转hi,2026-05-06,1.176020931768286
理想反转hi,2026-05-07,1.1954073503801739
理想反转hi,2026-05-08,1.200570695076092
理想反转hi,2026-05-09,1.240559559062121
理想反转hi,2026-05-10,1.245807153651653
理想反转hi,2026-05-11,1.2486148724636523
理想反转hi,2026-05-12,1.2450835319397457
理想反转hi,2026-05-13,1.22890375823857
理想反转hi,2026-05-14,1.2037390272781752
理想反转hi,2026-05-15,1.1838208301541278
理想反转hi,2026-05-16,1.165429084474595
理想反转hi,2026-05-17,1.2137568223046598
理想反转hi,2026-05-18,1.1989507281275202
理想反转hi,2026-05-19,1.2161381030513514
理想反转hi,2026-05-20,1.2004105959531917
理想反转hi,2026-05-21,1.1570698938093797
理想反转hi,2026-05-22,1.1344397061652558
理想反转hi,2026-05-23,1.1349222611920875
理想反转hi,2026-05-24,1.090805422864789
理想反转hi,2026-05-25,1.1001977094541304
理想反转hi,2026-05-26,1.1109853959308942
理想反转hi,2026-05-27,1.0324897179615666
理想反转hi,2026-05-28,0.9485098607856831
理想反转hi,2026-05-29,0.9651703760846775
理想反转hi,2026-05-30,0.9453014657472352
理想反转hi,2026-05-31,0.9459651441140198
理想反转hi,2026-06-01,0.9515021253831747
理想反转hi,2026-06-02,0.9526276300005846
理想反转hi,2026-06-03,0.9944919542817067
理想反转hi,2026-06-04,0.9449297678841347
理想反转hi,2026-06-05,0.9470908188096611
理想反转hi,2026-06-06,0.9605199109528896
理想反转hi,2026-06-07,0.9416412730899298
理想反转hi,2026-06-08,0.9494625263646423
理想反转hi,2026-06-09,0.9602172464202461
理想反转hi,2026-06-10,0.9485628627073437
理想反转hi,2026-06-11,0.9622563887857817
理想反转hi,2026-06-12,0.9730948898015812
理想反转hi,2026-06-13,0.9668814624783874
理想反转hi,2026-06-14,0.9656257496325671
理想反转hi,2026-06-15,0.9431780973700846
理想反转hi,2026-06-16,0.9417266232995624
理想反转hi,2026-06-17,0.9215700703298113
理想反转hi,2026-06-18,0.9273035318370664
APM,2026-02-20,1.0084543988081918
APM,2026-02-21,0.9788228051159183
APM,2026-02-22,0.9661055989993653
APM,2026-02-23,0.9626805557798854
APM,2026-02-24,0.9709477236473989
APM,2026-02-25,0.9685019884060169
APM,2026-02-26,0.9634780102498296
APM,2026-02-27,0.9471869534813576
APM,2026-02-28,0.9668262362270427
APM,2026-03-01,0.9474275056804238
APM,2026-03-02,0.926261770140044
APM,2026-03-03,0.9487694223290373
APM,2026-03-04,0.945907002653842
APM,2026-03-05,0.9457392350725542
APM,2026-03-06,0.9430364917400778
APM,2026-03-07,0.9409719564937545
APM,2026-03-08,0.9545703831326008
APM,2026-03-09,0.9512238107691213
APM,2026-03-10,0.9691334922068524
APM,2026-03-11,0.988339328789297
APM,2026-03-12,0.9834317748386606
APM,2026-03-13,0.9917681775665912
APM,2026-03-14,0.9854801011670894
APM,2026-03-15,0.99720141579704
APM,2026-03-16,1.0090354796804588
APM,2026-03-17,1.0122543496366219
APM,2026-03-18,1.017330720834857
APM,2026-03-19,1.014325171572615
APM,2026-03-20,1.0143111471283417
APM,2026-03-21,1.0154582965599093
APM,2026-03-22,1.0283188407401316
APM,2026-03-23,1.0149549393853972
APM,2026-03-24,1.0213317749529083
APM,2026-03-25,1.0060822508278544
APM,2026-03-26,1.0002993363365382
APM,2026-03-27,1.0083438232630912
APM,2026-03-28,1.0163587997183408
APM,2026-03-29,1.014707251831939
APM,2026-03-30,1.0048352703021781
APM,2026-03-31,1.0270980229986542
APM,2026-04-01,1.0292754391013736
APM,2026-04-02,1.045467303607425
APM,2026-04-03,1.0575769293310124
APM,2026-04-04,1.046439345308669
APM,2026-04-05,1.0544477050002912
APM,2026-04-06,1.0661684409930143
APM,2026-04-07,1.0803687150232821
APM,2026-04-08,1.1037361891072328
APM,2026-04-09,1.0782450622979454
APM,2026-04-10,1.0821253508760789
APM,2026-04-11,1.1010949850828622
APM,2026-04-12,1.0613215276956887
APM,2026-04-13,1.0807955472206157
APM,2026-04-14,1.0479046514246302
APM,2026-04-15,0.9778398916527721
APM,2026-04-16,0.9784083941748191
APM,2026-04-17,1.0254129820750295
APM,2026-04-18,1.0225532201305856
APM,2026-04-19,1.0331293802988928
APM,2026-04-20,1.0301471055574523
APM,2026-04-21,1.037420926396407
APM,2026-04-22,1.043054567095525
APM,2026-04-23,1.0428383761828317
APM,2026-04-24,1.0360641937864115
APM,2026-04-25,1.0484075181928647
APM,2026-04-26,1.0456119779846753
APM,2026-04-27,1.0343402658159258
APM,2026-04-28,1.0331215560593041
APM,2026-04-29,1.0386981732750566
APM,2026-04-30,1.029086904847485
APM,2026-05-01,1.0332416701117093
APM,2026-05-02,1.0169773045352841
APM,2026-05-03,1.0195756695793632
APM,2026-05-04,1.0202088272725856
APM,2026-05-05,0.9435227600352926
APM,2026-05-06,0.9336186936307389
APM,2026-05-07,0.9020075036314315
APM,2026-05-08,0.9210433460346256
APM,2026-05-09,0.9776640735382034
APM,2026-05-10,0.9794174755680436
APM,2026-05-11,1.005917972335618
APM,2026-05-12,1.0312544129830334
APM,2026-05-13,1.0152524666075038
APM,2026-05-14,1.0027140609071288
APM,2026-05-15,1.008720227661089
APM,2026-05-16,0.9984978569681855
APM,2026-05-17,1.0442198418631803
APM,2026-05-18,1.0426734318698998
APM,2026-05-19,1.0258072120634687
APM,2026-05-20,0.9858693281151856
APM,2026-05-21,0.9674540975628397
APM,2026-05-22,1.0066787098083303
APM,2026-05-23,1.0313830248767366
APM,2026-05-24,0.9775872333171444
APM,2026-05-25,0.9796166680913118
APM,2026-05-26,1.0154439349915425
APM,2026-05-27,0.986066439333116
APM,2026-05-28,0.9650021420721749
APM,2026-05-29,0.9866366639479979
APM,2026-05-30,0.9686842157088207
APM,2026-05-31,1.0444101865380595
APM,2026-06-01,1.0808238363662335
APM,2026-06-02,1.1219918225467747
APM,2026-06-03,1.0404872508537224
APM,2026-06-04,1.0778890432103996
APM,2026-06-05,1.0812407483814162
APM,2026-06-06,1.1116483665953236
APM,2026-06-07,1.1298008467856941
APM,2026-06-08,1.132500690050484
APM,2026-06-09,1.1686939168077823
APM,2026-06-10,1.1727526107961752
APM,2026-06-11,1.1851256995786377
APM,2026-06-12,1.217051066100564
APM,2026-06-13,1.2124271548612524
APM,2026-06-14,1.2074813928319337
APM,2026-06-15,1.2038087155951542
APM,2026-06-16,1.1994661987730733
APM,2026-06-17,1.2165844276840938
APM,2026-06-18,1.2212656325320148
振幅,2026-02-20,0.9833071173963651
振幅,2026-02-21,0.9954338582438207
振幅,2026-02-22,1.003091866568985
振幅,2026-02-23,1.0100726117521348
振幅,2026-02-24,0.957867051893538
振幅,2026-02-25,0.9713388568839646
振幅,2026-02-26,0.9800294057581151
振幅,2026-02-27,0.9614067865450262
振幅,2026-02-28,0.9703942435452141
振幅,2026-03-01,0.9649346773625316
振幅,2026-03-02,0.945936104598932
振幅,2026-03-03,0.9637848022926867
振幅,2026-03-04,0.9675980761837378
振幅,2026-03-05,0.9844616820304504
振幅,2026-03-06,0.9804179006072554
振幅,2026-03-07,0.9809906327243213
振幅,2026-03-08,0.9604421529297175
振幅,2026-03-09,0.9767294911709118
振幅,2026-03-10,0.9897106755700753
振幅,2026-03-11,0.9820841067415045
振幅,2026-03-12,0.9928480421509709
振幅,2026-03-13,0.9866838472292804
振幅,2026-03-14,0.9829811118972585
振幅,2026-03-15,0.9659986743385899
振幅,2026-03-16,0.9871855776580027
振幅,2026-03-17,0.9941156388477345
振幅,2026-03-18,1.0058774146807918
振幅,2026-03-19,1.0120556807239582
振幅,2026-03-20,1.0200928418769832
振幅,2026-03-21,1.0294457568570454
振幅,2026-03-22,0.98261995138392
振幅,2026-03-23,0.9734267508983916
振幅,2026-03-24,0.9771402943471267
振幅,2026-03-25,0.9896680682853237
振幅,2026-03-26,1.0262051637276297
振幅,2026-03-27,1.051399867652451
振幅,2026-03-28,1.0451404533557351
振幅,2026-03-29,1.0474334773164413
振幅,2026-03-30,1.0432331174347091
振幅,2026-03-31,1.0342407114817573
振幅,2026-04-01,1.044451705373694
振幅,2026-04-02,1.0361449277986505
振幅,2026-04-03,1.044413570911134
振幅,2026-04-04,1.0295163309672832
振幅,2026-04-05,1.0408083360617992
振幅,2026-04-06,1.0103886681074077
振幅,2026-04-07,1.0283517065080237
振幅,2026-04-08,1.0220228279877366
振幅,2026-04-09,1.0196019122318725
振幅,2026-04-10,1.008714531350489
振幅,2026-04-11,1.0125160602915948
振幅,2026-04-12,0.9926802109432361
振幅,2026-04-13,1.009932919061316
振幅,2026-04-14,1.0151560685180936
振幅,2026-04-15,0.9855792469593668
振幅,2026-04-16,0.9790522537763634
振幅,2026-04-17,1.0130301231927623
振幅,2026-04-18,1.0576998645923592
振幅,2026-04-19,1.0556825288727418
振幅,2026-04-20,1.0615642730443684
振幅,2026-04-21,1.0787446808049257
振幅,2026-04-22,1.0857680339555138
振幅,2026-04-23,1.0933149215405544
振幅,2026-04-24,1.1051181984964533
振幅,2026-04-25,1.0557963157298607
振幅,2026-04-26,1.0699500511944493
振幅,2026-04-27,1.075887403747715
振幅,2026-04-28,1.0675135473219326
振幅,2026-04-29,1.0551501789541058
振幅,2026-04-30,1.0449751190493524
振幅,2026-05-01,1.0432985487924056
振幅,2026-05-02,1.0588494750718576
振幅,2026-05-03,1.059493367353198
振幅,2026-05-04,1.0691013886099296
振幅,2026-05-05,1.0573879220008984
振幅,2026-05-06,1.0608851514062443
振幅,2026-05-07,0.9328329627118914
振幅,2026-05-08,0.9545773477020886
振幅,2026-05-09,0.9740580097391612
振幅,2026-05-10,0.9887705316226557
振幅,2026-05-11,1.0081567154514492
振幅,2026-05-12,1.0119015112102643
振幅,2026-05-13,1.0313668697017677
振幅,2026-05-14,1.0807556038222434
振幅,2026-05-15,1.1188428763803555
振幅,2026-05-16,1.1184028531132233
振幅,2026-05-17,1.0790025120398492
振幅,2026-05-18,1.0962897518903532
振幅,2026-05-19,1.0977001908234472
振幅,2026-05-20,1.0596338165015207
振幅,2026-05-21,1.0469599476232616
振幅,2026-05-22,1.0169158991154426
振幅,2026-05-23,1.035624538380368
振幅,2026-05-24,0.9678058895493812
振幅,2026-05-25,0.9719418438502107
振幅,2026-05-26,0.9788204158469451
振幅,2026-05-27,0.9843453690134689
振幅,2026-05-28,0.9156122477470994
振幅,2026-05-29,0.9582722531948129
振幅,2026-05-30,0.9353413836748536
振幅,2026-05-31,0.8719953159789608
振幅,2026-06-01,0.8710668051419677
振幅,2026-06-02,0.8625765169027616
振幅,2026-06-03,0.940706775570238
振幅,2026-06-04,0.9738291696220132
振幅,2026-06-05,0.9735705376760643
振幅,2026-06-06,0.972348770213678
振幅,2026-06-07,0.9656025500527111
振幅,2026-06-08,0.9714567517821975
振幅,2026-06-09,1.0113340260367016
振幅,2026-06-10,1.0067210196304537
振幅,2026-06-11,1.0167404739461305
振幅,2026-06-12,0.9905247618499317
振幅,2026-06-13,0.99091975752765
振幅,2026-06-14,0.9428237667785921
振幅,2026-06-15,0.9332526921080755
振幅,2026-06-16,0.9347321976371057
振幅,2026-06-17,0.908578050685395
振幅,2026-06-18,0.9658999067023505
低价位振幅,2026-02-20,0.9741499441458012
低价位振幅,2026-02-21,0.9840231135382641
低价位振幅,2026-02-22,0.984763880291202
低价位振幅,2026-02-23,0.989270180314075
低价位振幅,2026-02-24,0.9585994600674027
低价位振幅,2026-02-25,0.9675200688854245
低价位振幅,2026-02-26,0.9759366302787819
低价位振幅,2026-02-27,0.9596226907466058
低价位振幅,2026-02-28,0.9649774481348662
低价位振幅,2026-03-01,0.9589052863548222
低价位振幅,2026-03-02,0.9506687866440903
低价位振幅,2026-03-03,0.9452562092078504
低价位振幅,2026-03-04,0.9456841369487118
低价位振幅,2026-03-05,0.9613769363469388
低价位振幅,2026-03-06,0.9574318640710844
低价位振幅,2026-03-07,0.9610022195129795
低价位振幅,2026-03-08,0.9396204979236678
低价位振幅,2026-03-09,0.9555547390659993
低价位振幅,2026-03-10,0.9719232588008347
低价位振幅,2026-03-11,0.9832130964244863
低价位振幅,2026-03-12,0.9905815262036761
低价位振幅,2026-03-13,0.9886774124581329
低价位振幅,2026-03-14,0.9837774448720602
低价位振幅,2026-03-15,0.9825194285850282
低价位振幅,2026-03-16,1.0044299987200034
低价位振幅,2026-03-17,1.011397413567717
低价位振幅,2026-03-18,1.0205268582943239
低价位振幅,2026-03-19,1.0275000663246325
低价位振幅,2026-03-20,1.038114929168615
低价位振幅,2026-03-21,1.047784454411056
低价位振幅,2026-03-22,0.9951455583243214
低价位振幅,2026-03-23,0.9837396306934044
低价位振幅,2026-03-24,0.9907419496641269
低价位振幅,2026-03-25,0.9977893564712231
低价位振幅,2026-03-26,1.0288647400994178
低价位振幅,2026-03-27,1.0548550446518936
低价位振幅,2026-03-28,1.0561537314177079
低价位振幅,2026-03-29,1.0573103835289586
低价位振幅,2026-03-30,1.0530704158234274
低价位振幅,2026-03-31,1.0419066113733306
低价位振幅,2026-04-01,1.0554447090094403
低价位振幅,2026-04-02,1.0537790037774746
低价位振幅,2026-04-03,1.0626276414694842
低价位振幅,2026-04-04,1.0474706008230965
低价位振幅,2026-04-05,1.056509832752286
低价位振幅,2026-04-06,1.0327832191447943
低价位振幅,2026-04-07,1.0518516056932443
低价位振幅,2026-04-08,1.0549178014641132
低价位振幅,2026-04-09,1.0509426523392706
低价位振幅,2026-04-10,1.0396330342778795
低价位振幅,2026-04-11,1.0435510853667693
低价位振幅,2026-04-12,1.0261198639323306
低价位振幅,2026-04-13,1.045277321820158
低价位振幅,2026-04-14,1.0553467535088248
低价位振幅,2026-04-15,1.019800417481674
低价位振幅,2026-04-16,1.0152081964693298
低价位振幅,2026-04-17,1.0437093435080487
低价位振幅,2026-04-18,1.081107198138024
低价位振幅,2026-04-19,1.0787166973461293
低价位振幅,2026-04-20,1.0846368835248372
低价位振幅,2026-04-21,1.102190699534165
低价位振幅,2026-04-22,1.1093667020302758
低价位振幅,2026-04-23,1.1174166099543283
低价位振幅,2026-04-24,1.1294800854109956
低价位振幅,2026-04-25,1.0900427479372883
低价位振幅,2026-04-26,1.1077630217598762
低价位振幅,2026-04-27,1.1128392578864035
低价位振幅,2026-04-28,1.10845694945198
低价位振幅,2026-04-29,1.0954380397752832
低价位振幅,2026-04-30,1.092372946225287
低价位振幅,2026-05-01,1.0877731136887865
低价位振幅,2026-05-02,1.0983916650541363
低价位振幅,2026-05-03,1.0968935616082989
低价位振幅,2026-05-04,1.1041545495837337
低价位振幅,2026-05-05,1.1251330117601273
低价位振幅,2026-05-06,1.1305186895351882
低价位振幅,2026-05-07,0.993967302952873
低价位振幅,2026-05-08,1.0171367326010732
低价位振幅,2026-05-09,1.0420586977615311
低价位振幅,2026-05-10,1.0615035251791087
低价位振幅,2026-05-11,1.082227279108814
低价位振幅,2026-05-12,1.0862472098028888
低价位振幅,2026-05-13,1.0876109134238947
低价位振幅,2026-05-14,1.1309363928393619
低价位振幅,2026-05-15,1.1720778170935844
低价位振幅,2026-05-16,1.1841825226301632
低价位振幅,2026-05-17,1.136543632602703
低价位振幅,2026-05-18,1.1492376038559116
低价位振幅,2026-05-19,1.1594218586010778
低价位振幅,2026-05-20,1.1371669273279335
低价位振幅,2026-05-21,1.1290371985296899
低价位振幅,2026-05-22,1.111612660346917
低价位振幅,2026-05-23,1.128660781110231
低价位振幅,2026-05-24,1.0652705295242475
低价位振幅,2026-05-25,1.0696454574842658
低价位振幅,2026-05-26,1.0834693219784959
低价位振幅,2026-05-27,1.1307850808322615
低价位振幅,2026-05-28,1.10296720772052
低价位振幅,2026-05-29,1.1539755586541742
低价位振幅,2026-05-30,1.1248846801161005
低价位振幅,2026-05-31,1.0645285731687824
低价位振幅,2026-06-01,1.0803727492201742
低价位振幅,2026-06-02,1.066571029400112
低价位振幅,2026-06-03,1.1631786564121296
低价位振幅,2026-06-04,1.2041343110441933
低价位振幅,2026-06-05,1.2038145140923624
低价位振幅,2026-06-06,1.201573353921144
低价位振幅,2026-06-07,1.1933368895309784
低价位振幅,2026-06-08,1.2000458046028155
低价位振幅,2026-06-09,1.2490291647442875
低价位振幅,2026-06-10,1.2434360432646925
低价位振幅,2026-06-11,1.2558114187530576
低价位振幅,2026-06-12,1.2234314836125062
低价位振幅,2026-06-13,1.2172934358208605
低价位振幅,2026-06-14,1.1717064816149023
低价位振幅,2026-06-15,1.176761769761883
低价位振幅,2026-06-16,1.1773815172799533
低价位振幅,2026-06-17,1.13940369847444
低价位振幅,2026-06-18,1.2113832102684416
收益偏度,2026-02-20,1.0112949456373148
收益偏度,2026-02-21,1.0088737596602753
收益偏度,2026-02-22,1.0350311278786732
收益偏度,2026-02-23,1.0383413824775158
收益偏度,2026-02-24,0.905951432174085
收益偏度,2026-02-25,0.9104006128140368
收益偏度,2026-02-26,0.9222835348584185
收益偏度,2026-02-27,0.9221897921361275
收益偏度,2026-02-28,0.9251104151900674
收益偏度,2026-03-01,0.9162195509459182
收益偏度,2026-03-02,0.92845923977038
收益偏度,2026-03-03,0.9231807689694981
收益偏度,2026-03-04,0.9206852038694927
收益偏度,2026-03-05,0.9263365867880696
收益偏度,2026-03-06,0.9199615420986906
收益偏度,2026-03-07,0.9249518051610082
收益偏度,2026-03-08,0.9328626636569053
收益偏度,2026-03-09,0.9424351721966888
收益偏度,2026-03-10,0.9313191861745851
收益偏度,2026-03-11,0.9101315401982207
收益偏度,2026-03-12,0.9152171291206547
收益偏度,2026-03-13,0.9074801828957294
收益偏度,2026-03-14,0.904877324820838
收益偏度,2026-03-15,0.9110787587374543
收益偏度,2026-03-16,0.9097480163080403
收益偏度,2026-03-17,0.9283000847060531
收益偏度,2026-03-18,0.9248986090831792
收益偏度,2026-03-19,0.9245205586351791
收益偏度,2026-03-20,0.9333677584539111
收益偏度,2026-03-21,0.9417850064055396
收益偏度,2026-03-22,0.9578201833966835
收益偏度,2026-03-23,0.9691978893806974
收益偏度,2026-03-24,0.9554053893409578
收益偏度,2026-03-25,0.9655294016412193
收益偏度,2026-03-26,0.9556119057157813
收益偏度,2026-03-27,0.9355032405725325
收益偏度,2026-03-28,0.939120946271527
收益偏度,2026-03-29,0.9257435653625719
收益偏度,2026-03-30,0.9084316219085927
收益偏度,2026-03-31,0.9072165945364038
收益偏度,2026-04-01,0.907836309279694
收益偏度,2026-04-02,0.9107201849542815
收益偏度,2026-04-03,0.9091212495156771
收益偏度,2026-04-04,0.9027497589290779
收益偏度,2026-04-05,0.9099467183541587
收益偏度,2026-04-06,0.9021706409235342
收益偏度,2026-04-07,0.8940046710522344
收益偏度,2026-04-08,0.8910088948673357
收益偏度,2026-04-09,0.8755987757143588
收益偏度,2026-04-10,0.875955421191836
收益偏度,2026-04-11,0.885414234918831
收益偏度,2026-04-12,0.8831677960327035
收益偏度,2026-04-13,0.8844515096878139
收益偏度,2026-04-14,0.8710691747093828
收益偏度,2026-04-15,0.8824456355954966
收益偏度,2026-04-16,0.8843564182208119
收益偏度,2026-04-17,0.8708165853834011
收益偏度,2026-04-18,0.8598764881409882
收益偏度,2026-04-19,0.8585798356668852
收益偏度,2026-04-20,0.8656378085046872
收益偏度,2026-04-21,0.853372722763779
收益偏度,2026-04-22,0.8636608392517192
收益偏度,2026-04-23,0.8664127433665142
收益偏度,2026-04-24,0.8686547468034587
收益偏度,2026-04-25,0.8655981435073935
收益偏度,2026-04-26,0.8564223419665873
收益偏度,2026-04-27,0.8534712083831694
收益偏度,2026-04-28,0.850491908288168
收益偏度,2026-04-29,0.8460341327436607
收益偏度,2026-04-30,0.844256590805728
收益偏度,2026-05-01,0.8470583363997837
收益偏度,2026-05-02,0.8444982829811016
收益偏度,2026-05-03,0.8434978060065903
收益偏度,2026-05-04,0.8392003080609515
收益偏度,2026-05-05,0.8625925565973462
收益偏度,2026-05-06,0.8739134798986389
收益偏度,2026-05-07,0.8886962201695742
收益偏度,2026-05-08,0.8890856470173948
收益偏度,2026-05-09,0.8820234885846496
收益偏度,2026-05-10,0.8776367180781922
收益偏度,2026-05-11,0.8796998224042679
收益偏度,2026-05-12,0.8846620590897377
收益偏度,2026-05-13,0.87902942174059
收益偏度,2026-05-14,0.8840509208090168
收益偏度,2026-05-15,0.8890696877890193
收益偏度,2026-05-16,0.8798634019673006
收益偏度,2026-05-17,0.8513692971355058
收益偏度,2026-05-18,0.8572305403987382
收益偏度,2026-05-19,0.8713462121595288
收益偏度,2026-05-20,0.8515606773978701
收益偏度,2026-05-21,0.8200013395034769
收益偏度,2026-05-22,0.7809643812544371
收益偏度,2026-05-23,0.7887456626308762
收益偏度,2026-05-24,0.7226735457528312
收益偏度,2026-05-25,0.7178512146726844
收益偏度,2026-05-26,0.7198033431991354
收益偏度,2026-05-27,0.7356331217685133
收益偏度,2026-05-28,0.7469073930737441
收益偏度,2026-05-29,0.7677066163167752
收益偏度,2026-05-30,0.7692208925090157
收益偏度,2026-05-31,0.7398392725443166
收益偏度,2026-06-01,0.7413599380943645
收益偏度,2026-06-02,0.7190539608120828
收益偏度,2026-06-03,0.736496641780344
收益偏度,2026-06-04,0.7225462346862345
收益偏度,2026-06-05,0.727374694364397
收益偏度,2026-06-06,0.7289910895961773
收益偏度,2026-06-07,0.7227788695021821
收益偏度,2026-06-08,0.7223265266600101
收益偏度,2026-06-09,0.709265700940958
收益偏度,2026-06-10,0.7053467072910538
收益偏度,2026-06-11,0.6945300883566894
收益偏度,2026-06-12,0.6868128777301947
收益偏度,2026-06-13,0.687004039393815
收益偏度,2026-06-14,0.675271593238166
收益偏度,2026-06-15,0.6715185479734659
收益偏度,2026-06-16,0.6781425989557343
收益偏度,2026-06-17,0.6766472727286548
收益偏度,2026-06-18,0.6836604683692619
日内自相关,2026-02-20,0.9999592237474101
日内自相关,2026-02-21,1.016362187255234
日内自相关,2026-02-22,1.0145760942430937
日内自相关,2026-02-23,1.0147734747207513
日内自相关,2026-02-24,1.0253884243978832
日内自相关,2026-02-25,1.0194570110042551
日内自相关,2026-02-26,1.0229559394953942
日内自相关,2026-02-27,1.0298405421506025
日内自相关,2026-02-28,1.0263293158458575
日内自相关,2026-03-01,1.0022887547690145
日内自相关,2026-03-02,1.009180349034164
日内自相关,2026-03-03,1.0016974047745226
日内自相关,2026-03-04,0.9987107422104788
日内自相关,2026-03-05,1.003531325028999
日内自相关,2026-03-06,1.0014593782672805
日内自相关,2026-03-07,1.0074474632245616
日内自相关,2026-03-08,0.998292447270468
日内自相关,2026-03-09,1.0060670811455206
日内自相关,2026-03-10,1.0334747646405265
日内自相关,2026-03-11,1.0204291440923643
日内自相关,2026-03-12,1.032160903153251
日内自相关,2026-03-13,1.0270755752046938
日内自相关,2026-03-14,1.012157103446058
日内自相关,2026-03-15,1.044326887278253
日内自相关,2026-03-16,1.0349844195255384
日内自相关,2026-03-17,1.0358341580807444
日内自相关,2026-03-18,1.0247175614302264
日内自相关,2026-03-19,1.0277155929192856
日内自相关,2026-03-20,1.0191060714861315
日内自相关,2026-03-21,1.014303143663586
日内自相关,2026-03-22,1.007541869687153
日内自相关,2026-03-23,1.0052223620072118
日内自相关,2026-03-24,0.9867805644062797
日内自相关,2026-03-25,0.9915746285049805
日内自相关,2026-03-26,1.005784638974458
日内自相关,2026-03-27,1.0018190126084328
日内自相关,2026-03-28,0.9969871502931313
日内自相关,2026-03-29,0.9909597921242881
日内自相关,2026-03-30,0.997940877622
日内自相关,2026-03-31,0.9926364978943452
日内自相关,2026-04-01,0.9960626194964768
日内自相关,2026-04-02,1.0056905674938117
日内自相关,2026-04-03,1.007827893658954
日内自相关,2026-04-04,0.9992637691166897
日内自相关,2026-04-05,0.9956166183900543
日内自相关,2026-04-06,0.989548542465516
日内自相关,2026-04-07,0.983271641048941
日内自相关,2026-04-08,0.9790927081601294
日内自相关,2026-04-09,0.9668602046429382
日内自相关,2026-04-10,0.95883706399353
日内自相关,2026-04-11,0.9552423947949653
日内自相关,2026-04-12,0.9486822548689616
日内自相关,2026-04-13,0.9435920652936423
日内自相关,2026-04-14,0.9395292525128093
日内自相关,2026-04-15,0.9119743371597696
日内自相关,2026-04-16,0.9043748845863452
日内自相关,2026-04-17,0.8963000060905263
日内自相关,2026-04-18,0.8928257909938858
日内自相关,2026-04-19,0.8954926611409392
日内自相关,2026-04-20,0.8906384657902471
日内自相关,2026-04-21,0.8828588565231381
日内自相关,2026-04-22,0.8769136640037467
日内自相关,2026-04-23,0.8858788108825252
日内自相关,2026-04-24,0.8799404901133012
日内自相关,2026-04-25,0.8690030572289199
日内自相关,2026-04-26,0.8706380931629976
日内自相关,2026-04-27,0.8631861223161658
日内自相关,2026-04-28,0.8656752302590526
日内自相关,2026-04-29,0.8681782382693704
日内自相关,2026-04-30,0.8653167647540021
日内自相关,2026-05-01,0.8744201507752631
日内自相关,2026-05-02,0.8807402500762301
日内自相关,2026-05-03,0.8870512184476509
日内自相关,2026-05-04,0.9041104848885019
日内自相关,2026-05-05,0.8714108414452713
日内自相关,2026-05-06,0.8724788116427099
日内自相关,2026-05-07,0.8254485470509164
日内自相关,2026-05-08,0.8193956613440604
日内自相关,2026-05-09,0.8316627010503054
日内自相关,2026-05-10,0.8245208298190074
日内自相关,2026-05-11,0.8376170683810394
日内自相关,2026-05-12,0.8406536438280948
日内自相关,2026-05-13,0.8500761881281855
日内自相关,2026-05-14,0.8493528508660949
日内自相关,2026-05-15,0.838653915572559
日内自相关,2026-05-16,0.8383687848766054
日内自相关,2026-05-17,0.8593111399475386
日内自相关,2026-05-18,0.8520848558267374
日内自相关,2026-05-19,0.8463465607174377
日内自相关,2026-05-20,0.8323120502530523
日内自相关,2026-05-21,0.8281898794988626
日内自相关,2026-05-22,0.8212534346427519
日内自相关,2026-05-23,0.8264242966545626
日内自相关,2026-05-24,0.7947413845795641
日内自相关,2026-05-25,0.7793105389494134
日内自相关,2026-05-26,0.774837741118877
日内自相关,2026-05-27,0.734614002713853
日内自相关,2026-05-28,0.7074798699656446
日内自相关,2026-05-29,0.7086856259449231
日内自相关,2026-05-30,0.7160781164436528
日内自相关,2026-05-31,0.7124185904723687
日内自相关,2026-06-01,0.7059160296677974
日内自相关,2026-06-02,0.697614820217914
日内自相关,2026-06-03,0.652711387193138
日内自相关,2026-06-04,0.6608938283097454
日内自相关,2026-06-05,0.6696350578144756
日内自相关,2026-06-06,0.6662876986672054
日内自相关,2026-06-07,0.6792655599284029
日内自相关,2026-06-08,0.6733855327981877
日内自相关,2026-06-09,0.6589372306314368
日内自相关,2026-06-10,0.6647871405629145
日内自相关,2026-06-11,0.6655601789503414
日内自相关,2026-06-12,0.6550094206500402
日内自相关,2026-06-13,0.6593804585387796
日内自相关,2026-06-14,0.6545129153496944
日内自相关,2026-06-15,0.6551700490001497
日内自相关,2026-06-16,0.6463876009537765
日内自相关,2026-06-17,0.6342940035147777
日内自相关,2026-06-18,0.6320623011525189
量集中度,2026-02-20,1.004372117703329
量集中度,2026-02-21,1.0222820549967253
量集中度,2026-02-22,1.028297794156677
量集中度,2026-02-23,1.0362611061686047
量集中度,2026-02-24,1.0011856043256426
量集中度,2026-02-25,1.0180577176435703
量集中度,2026-02-26,1.0180906754383807
量集中度,2026-02-27,1.024841613764377
量集中度,2026-02-28,1.037690907498405
量集中度,2026-03-01,1.050149744720098
量集中度,2026-03-02,1.0383951116004013
量集中度,2026-03-03,1.0461632684000663
量集中度,2026-03-04,1.050790107549537
量集中度,2026-03-05,1.0523320744748297
量集中度,2026-03-06,1.0610634017510918
量集中度,2026-03-07,1.0639339363437355
量集中度,2026-03-08,1.0708867997054454
量集中度,2026-03-09,1.0627183988245756
量集中度,2026-03-10,1.0442421565746818
量集中度,2026-03-11,1.0516424270606888
量集中度,2026-03-12,1.0425957564260782
量集中度,2026-03-13,1.049362860056701
量集中度,2026-03-14,1.0590365250030238
量集中度,2026-03-15,1.0409922698144096
量集中度,2026-03-16,1.052816712018567
量集中度,2026-03-17,1.0635940639153332
量集中度,2026-03-18,1.0752425088769584
量集中度,2026-03-19,1.0690684153595358
量集中度,2026-03-20,1.0749867429861082
量集中度,2026-03-21,1.082560358206399
量集中度,2026-03-22,1.0864752748720856
量集中度,2026-03-23,1.0845890756253413
量集中度,2026-03-24,1.0951654496427055
量集中度,2026-03-25,1.09554276125297
量集中度,2026-03-26,1.0744039157173872
量集中度,2026-03-27,1.0738009674790328
量集中度,2026-03-28,1.0782396863753958
量集中度,2026-03-29,1.0546778590663954
量集中度,2026-03-30,1.0340756083249605
量集中度,2026-03-31,1.0533149202573582
量集中度,2026-04-01,1.0598597488534252
量集中度,2026-04-02,1.055794086144962
量集中度,2026-04-03,1.0529491373564133
量集中度,2026-04-04,1.0668925547112242
量集中度,2026-04-05,1.0621435014117364
量集中度,2026-04-06,1.039408060988993
量集中度,2026-04-07,1.0505236452005033
量集中度,2026-04-08,1.0448643723574969
量集中度,2026-04-09,1.0381244650337704
量集中度,2026-04-10,1.048805714821258
量集中度,2026-04-11,1.0684872932321028
量集中度,2026-04-12,1.0450214630750405
量集中度,2026-04-13,1.051001226290085
量集中度,2026-04-14,1.016334203429139
量集中度,2026-04-15,0.9483892232513701
量集中度,2026-04-16,0.9584060856240115
量集中度,2026-04-17,0.9801510589012581
量集中度,2026-04-18,0.9869673137661663
量集中度,2026-04-19,0.9800582454329394
量集中度,2026-04-20,0.975402600520553
量集中度,2026-04-21,0.9771063494113429
量集中度,2026-04-22,0.9618559172906238
量集中度,2026-04-23,0.9568277797029415
量集中度,2026-04-24,0.9542536489296233
量集中度,2026-04-25,0.9293626903446166
量集中度,2026-04-26,0.9375008706847696
量集中度,2026-04-27,0.9404136929809026
量集中度,2026-04-28,0.9576085618796518
量集中度,2026-04-29,0.9730192843855268
量集中度,2026-04-30,0.980460210470345
量集中度,2026-05-01,0.9713347646664123
量集中度,2026-05-02,0.977361576968895
量集中度,2026-05-03,0.98111140348963
量集中度,2026-05-04,0.9660033616317076
量集中度,2026-05-05,0.9085782823370135
量集中度,2026-05-06,0.8960592160244705
量集中度,2026-05-07,0.8412252962032468
量集中度,2026-05-08,0.8436351491382126
量集中度,2026-05-09,0.8252275613753872
量集中度,2026-05-10,0.8209000560791875
量集中度,2026-05-11,0.8119287776513431
量集中度,2026-05-12,0.8149356572623971
量集中度,2026-05-13,0.8204199869251365
量集中度,2026-05-14,0.8215510098337573
量集中度,2026-05-15,0.8171622462390806
量集中度,2026-05-16,0.8232708741302692
量集中度,2026-05-17,0.8184537960753715
量集中度,2026-05-18,0.8209479765556182
量集中度,2026-05-19,0.8059970402428982
量集中度,2026-05-20,0.8011029324629327
量集中度,2026-05-21,0.8076980625506648
量集中度,2026-05-22,0.8012945585334195
量集中度,2026-05-23,0.8027587013438456
量集中度,2026-05-24,0.8209758810622731
量集中度,2026-05-25,0.8152383264695101
量集中度,2026-05-26,0.8214316081247257
量集中度,2026-05-27,0.8385751874217758
量集中度,2026-05-28,0.8303495953232193
量集中度,2026-05-29,0.8213501680010851
量集中度,2026-05-30,0.841688118710475
量集中度,2026-05-31,0.8387999022208984
量集中度,2026-06-01,0.8332688903528114
量集中度,2026-06-02,0.8114461994916351
量集中度,2026-06-03,0.7833702587293817
量集中度,2026-06-04,0.8040099972366215
量集中度,2026-06-05,0.8021487693890565
量集中度,2026-06-06,0.7965835031528588
量集中度,2026-06-07,0.8182282737657299
量集中度,2026-06-08,0.816353306685748
量集中度,2026-06-09,0.8107053694360733
量集中度,2026-06-10,0.789064867208419
量集中度,2026-06-11,0.7928953783124854
量集中度,2026-06-12,0.7792613800638296
量集中度,2026-06-13,0.7859114232243599
量集中度,2026-06-14,0.7603325798041433
量集中度,2026-06-15,0.7369087378174525
量集中度,2026-06-16,0.7295651315952377
量集中度,2026-06-17,0.7277530662336853
量集中度,2026-06-18,0.7183259422058149
量波同步,2026-02-20,1.008856876849357
量波同步,2026-02-21,0.9919928327646913
量波同步,2026-02-22,0.9964841515334579
量波同步,2026-02-23,0.9887062455794935
量波同步,2026-02-24,1.018996687686328
量波同步,2026-02-25,1.0117886878152638
量波同步,2026-02-26,1.023570879541701
量波同步,2026-02-27,1.029110019484951
量波同步,2026-02-28,1.0175392491369348
量波同步,2026-03-01,1.0112421701973549
量波同步,2026-03-02,1.012795653006179
量波同步,2026-03-03,0.9864156317438488
量波同步,2026-03-04,0.9837529376611296
量波同步,2026-03-05,0.9822773416569425
量波同步,2026-03-06,0.9731106345410349
量波同步,2026-03-07,0.9703488304629916
量波同步,2026-03-08,0.9741450209965872
量波同步,2026-03-09,0.9746579338062242
量波同步,2026-03-10,0.9902036480257552
量波同步,2026-03-11,1.0041509273669722
量波同步,2026-03-12,1.005863323497465
量波同步,2026-03-13,0.9856595802751427
量波同步,2026-03-14,0.9955982500519652
量波同步,2026-03-15,1.037933008959894
量波同步,2026-03-16,1.0255759785694298
量波同步,2026-03-17,1.0103661849156529
量波同步,2026-03-18,0.9963773603403898
量波同步,2026-03-19,0.9936591367250586
量波同步,2026-03-20,0.983544938470877
量波同步,2026-03-21,0.9719938295409134
量波同步,2026-03-22,0.952880870522341
量波同步,2026-03-23,0.9548291581608627
量波同步,2026-03-24,0.9481821917612512
量波同步,2026-03-25,0.9529127860435225
量波同步,2026-03-26,0.9539378496677836
量波同步,2026-03-27,0.9587872730693437
量波同步,2026-03-28,0.9555043738838263
量波同步,2026-03-29,0.9473371126424256
量波同步,2026-03-30,0.9541008587151899
量波同步,2026-03-31,0.937584015502701
量波同步,2026-04-01,0.9539762713275003
量波同步,2026-04-02,0.9522379539682144
量波同步,2026-04-03,0.9518990146247004
量波同步,2026-04-04,0.9450570976965418
量波同步,2026-04-05,0.9473672582000081
量波同步,2026-04-06,0.959470605387596
量波同步,2026-04-07,0.9473936411526753
量波同步,2026-04-08,0.9440040905689769
量波同步,2026-04-09,0.9496553216048967
量波同步,2026-04-10,0.9473579723710206
量波同步,2026-04-11,0.9251051671636726
量波同步,2026-04-12,0.929181758528533
量波同步,2026-04-13,0.9144788867360242
量波同步,2026-04-14,0.945122911643687
量波同步,2026-04-15,1.0082304832427058
量波同步,2026-04-16,1.0081999468077938
量波同步,2026-04-17,1.0169811884749063
量波同步,2026-04-18,1.0258115213876873
量波同步,2026-04-19,1.0311269474632923
量波同步,2026-04-20,1.0354536315128122
量波同步,2026-04-21,1.0351440050945222
量波同步,2026-04-22,1.0406322711012674
量波同步,2026-04-23,1.0490615893396136
量波同步,2026-04-24,1.0518969642629201
量波同步,2026-04-25,1.051278242730669
量波同步,2026-04-26,1.0496587277497085
量波同步,2026-04-27,1.0599048145094636
量波同步,2026-04-28,1.0417148584233515
量波同步,2026-04-29,1.0286033223484679
量波同步,2026-04-30,1.0267361895132265
量波同步,2026-05-01,1.0378355115312208
量波同步,2026-05-02,1.0296897183048705
量波同步,2026-05-03,1.022409701328489
量波同步,2026-05-04,1.0221428779328676
量波同步,2026-05-05,1.0624195565982304
量波同步,2026-05-06,1.0788562277584124
量波同步,2026-05-07,1.1010480190210885
量波同步,2026-05-08,1.0868196378954025
量波同步,2026-05-09,1.0709715569308818
量波同步,2026-05-10,1.0598694135697861
量波同步,2026-05-11,1.0498513446534212
量波同步,2026-05-12,1.0395900817257715
量波同步,2026-05-13,1.0425465754822374
量波同步,2026-05-14,1.023744970974958
量波同步,2026-05-15,1.0198903123456717
量波同步,2026-05-16,1.019003553253441
量波同步,2026-05-17,1.058384911720772
量波同步,2026-05-18,1.0460209299225125
量波同步,2026-05-19,1.0414858620381255
量波同步,2026-05-20,1.0590247043056498
量波同步,2026-05-21,1.0646033285284122
量波同步,2026-05-22,1.0855255207925625
量波同步,2026-05-23,1.0839672566778256
量波同步,2026-05-24,1.1084134388788784
量波同步,2026-05-25,1.1304266915670518
量波同步,2026-05-26,1.1360614277164653
量波同步,2026-05-27,1.187488729900921
量波同步,2026-05-28,1.1780855817361022
量波同步,2026-05-29,1.179508109508005
量波同步,2026-05-30,1.174955490529326
量波同步,2026-05-31,1.2115696774499178
量波同步,2026-06-01,1.2030077892257593
量波同步,2026-06-02,1.232038108394796
量波同步,2026-06-03,1.1836984141572697
量波同步,2026-06-04,1.1776855860858815
量波同步,2026-06-05,1.142729676003703
量波同步,2026-06-06,1.1334564340359201
量波同步,2026-06-07,1.148015292513316
量波同步,2026-06-08,1.1520714284235536
量波同步,2026-06-09,1.117157794973996
量波同步,2026-06-10,1.140222267929568
量波同步,2026-06-11,1.1417264458360294
量波同步,2026-06-12,1.1860198035677356
量波同步,2026-06-13,1.1784999361903044
量波同步,2026-06-14,1.2003600476011658
量波同步,2026-06-15,1.2453853353999453
量波同步,2026-06-16,1.2451954840104207
量波同步,2026-06-17,1.270428864088883
量波同步,2026-06-18,1.2756050120029607
组合·全因子,2026-02-20,0.9852300836792288
组合·全因子,2026-02-21,1.006720205874561
组合·全因子,2026-02-22,1.032545246665294
组合·全因子,2026-02-23,1.048542676900855
组合·全因子,2026-02-24,1.0499071624281262
组合·全因子,2026-02-25,1.0569055526062483
组合·全因子,2026-02-26,1.0708544360096757
组合·全因子,2026-02-27,1.0643528509763782
组合·全因子,2026-02-28,1.077742223599338
组合·全因子,2026-03-01,1.07326764389077
组合·全因子,2026-03-02,1.0779395733976216
组合·全因子,2026-03-03,1.0960028714641241
组合·全因子,2026-03-04,1.0891389744070605
组合·全因子,2026-03-05,1.103795233114942
组合·全因子,2026-03-06,1.1043668522780032
组合·全因子,2026-03-07,1.1089409891131328
组合·全因子,2026-03-08,1.111824242116932
组合·全因子,2026-03-09,1.1149661215080209
组合·全因子,2026-03-10,1.1433240370824727
组合·全因子,2026-03-11,1.140283081329964
组合·全因子,2026-03-12,1.1450599555743086
组合·全因子,2026-03-13,1.1424881045081239
组合·全因子,2026-03-14,1.148002722656176
组合·全因子,2026-03-15,1.1402236226898101
组合·全因子,2026-03-16,1.158239263904072
组合·全因子,2026-03-17,1.1666088045869287
组合·全因子,2026-03-18,1.1716236943155904
组合·全因子,2026-03-19,1.1721342307024496
组合·全因子,2026-03-20,1.1771947541117087
组合·全因子,2026-03-21,1.1720993433682108
组合·全因子,2026-03-22,1.1228071146627494
组合·全因子,2026-03-23,1.1126142793490914
组合·全因子,2026-03-24,1.1165668696619517
组合·全因子,2026-03-25,1.1306017425481087
组合·全因子,2026-03-26,1.1420270155906862
组合·全因子,2026-03-27,1.1436204028214776
组合·全因子,2026-03-28,1.1486776856551977
组合·全因子,2026-03-29,1.1348631855820543
组合·全因子,2026-03-30,1.1278007922149018
组合·全因子,2026-03-31,1.1336328893340442
组合·全因子,2026-04-01,1.1272543486919842
组合·全因子,2026-04-02,1.13428206146236
组合·全因子,2026-04-03,1.1435948863729017
组合·全因子,2026-04-04,1.1232770348677525
组合·全因子,2026-04-05,1.1408377978189217
组合·全因子,2026-04-06,1.1165719321047554
组合·全因子,2026-04-07,1.1334996874599603
组合·全因子,2026-04-08,1.1272950858244941
组合·全因子,2026-04-09,1.104638734918027
组合·全因子,2026-04-10,1.1054139856847605
组合·全因子,2026-04-11,1.1165037542643106
组合·全因子,2026-04-12,1.0913503029517906
组合·全因子,2026-04-13,1.102463222822723
组合·全因子,2026-04-14,1.0840912918922094
组合·全因子,2026-04-15,1.0468363119168418
组合·全因子,2026-04-16,1.040554834958837
组合·全因子,2026-04-17,1.083802384864451
组合·全因子,2026-04-18,1.1109916165933493
组合·全因子,2026-04-19,1.1161693983457566
组合·全因子,2026-04-20,1.116375401799506
组合·全因子,2026-04-21,1.1068440944503881
组合·全因子,2026-04-22,1.1112909761794412
组合·全因子,2026-04-23,1.1123932424040663
组合·全因子,2026-04-24,1.1119502801852261
组合·全因子,2026-04-25,1.0686970043718889
组合·全因子,2026-04-26,1.0876937071145254
组合·全因子,2026-04-27,1.098479015661195
组合·全因子,2026-04-28,1.09562389257409
组合·全因子,2026-04-29,1.0901108519325036
组合·全因子,2026-04-30,1.0713494439728768
组合·全因子,2026-05-01,1.082371563121733
组合·全因子,2026-05-02,1.0765256167483817
组合·全因子,2026-05-03,1.0792442469347276
组合·全因子,2026-05-04,1.0857656114236625
组合·全因子,2026-05-05,1.033617000659683
组合·全因子,2026-05-06,1.0444367951677767
组合·全因子,2026-05-07,0.951393616107275
组合·全因子,2026-05-08,0.9724725509802222
组合·全因子,2026-05-09,1.0000138273583494
组合·全因子,2026-05-10,1.0082973041885561
组合·全因子,2026-05-11,1.0207709704646866
组合·全因子,2026-05-12,1.0429054151857589
组合·全因子,2026-05-13,1.054161870195355
组合·全因子,2026-05-14,1.0666515131393468
组合·全因子,2026-05-15,1.0714559323834767
组合·全因子,2026-05-16,1.0741996940089231
组合·全因子,2026-05-17,1.071242155620894
组合·全因子,2026-05-18,1.0713013637474165
组合·全因子,2026-05-19,1.0766681209404894
组合·全因子,2026-05-20,1.0358074725366868
组合·全因子,2026-05-21,1.0068438384766178
组合·全因子,2026-05-22,0.9819123690333003
组合·全因子,2026-05-23,1.0038308619567022
组合·全因子,2026-05-24,0.9352848356476671
组合·全因子,2026-05-25,0.933487695768571
组合·全因子,2026-05-26,0.9553242140186718
组合·全因子,2026-05-27,0.9188836847592565
组合·全因子,2026-05-28,0.8565790289112819
组合·全因子,2026-05-29,0.8810324163220631
组合·全因子,2026-05-30,0.8604376996362362
组合·全因子,2026-05-31,0.8637439965904952
组合·全因子,2026-06-01,0.8723989218770279
组合·全因子,2026-06-02,0.8820749004327355
组合·全因子,2026-06-03,0.9250796521998305
组合·全因子,2026-06-04,0.9306765211728096
组合·全因子,2026-06-05,0.925433121725714
组合·全因子,2026-06-06,0.9212180783562808
组合·全因子,2026-06-07,0.9285306895495747
组合·全因子,2026-06-08,0.9319311102751533
组合·全因子,2026-06-09,0.9489448023877413
组合·全因子,2026-06-10,0.9372341660271922
组合·全因子,2026-06-11,0.955302645031141
组合·全因子,2026-06-12,0.95475397569532
组合·全因子,2026-06-13,0.9499257893252332
组合·全因子,2026-06-14,0.9090189149327218
组合·全因子,2026-06-15,0.892381982392109
组合·全因子,2026-06-16,0.8957678038874639
组合·全因子,2026-06-17,0.8781674614700261
组合·全因子,2026-06-18,0.9120060904914769
组合·选强3*,2026-02-20,0.9837990412054981
组合·选强3*,2026-02-21,0.9542055567884408
组合·选强3*,2026-02-22,0.967048590066103
组合·选强3*,2026-02-23,0.9520475520637263
组合·选强3*,2026-02-24,0.9449489166448833
组合·选强3*,2026-02-25,0.9445281723050037
组合·选强3*,2026-02-26,0.9539569878859082
组合·选强3*,2026-02-27,0.9394766268351571
组合·选强3*,2026-02-28,0.94153269818531
组合·选强3*,2026-03-01,0.9397782231055305
组合·选强3*,2026-03-02,0.9275291936268018
组合·选强3*,2026-03-03,0.9353917022005995
组合·选强3*,2026-03-04,0.9388140115273138
组合·选强3*,2026-03-05,0.9473991150305308
组合·选强3*,2026-03-06,0.9410461208460428
组合·选强3*,2026-03-07,0.9450990917883153
组合·选强3*,2026-03-08,0.9344222059175585
组合·选强3*,2026-03-09,0.931227891667157
组合·选强3*,2026-03-10,0.9608546262997644
组合·选强3*,2026-03-11,0.9664343733347462
组合·选强3*,2026-03-12,0.9632307116486724
组合·选强3*,2026-03-13,0.9517832694122179
组合·选强3*,2026-03-14,0.9533527090540287
组合·选强3*,2026-03-15,0.9710612357358558
组合·选强3*,2026-03-16,0.9822476106418562
组合·选强3*,2026-03-17,0.9778212259732378
组合·选强3*,2026-03-18,0.976062956596175
组合·选强3*,2026-03-19,0.9765065706102786
组合·选强3*,2026-03-20,0.972890904495838
组合·选强3*,2026-03-21,0.9632711884504348
组合·选强3*,2026-03-22,0.9411813833092506
组合·选强3*,2026-03-23,0.9330784829349998
组合·选强3*,2026-03-24,0.9345719431939853
组合·选强3*,2026-03-25,0.9378131737413041
组合·选强3*,2026-03-26,0.9528291106008226
组合·选强3*,2026-03-27,0.9631321296872258
组合·选强3*,2026-03-28,0.963372068916987
组合·选强3*,2026-03-29,0.9666976609746661
组合·选强3*,2026-03-30,0.96357948158249
组合·选强3*,2026-03-31,0.9553738927455938
组合·选强3*,2026-04-01,0.9685168464149764
组合·选强3*,2026-04-02,0.9808882197159485
组合·选强3*,2026-04-03,0.9868780289379308
组合·选强3*,2026-04-04,0.9758025138417187
组合·选强3*,2026-04-05,0.9832377630008279
组合·选强3*,2026-04-06,0.9860568651561512
组合·选强3*,2026-04-07,0.9969832799997138
组合·选强3*,2026-04-08,1.009108845644195
组合·选强3*,2026-04-09,0.988090281015083
组合·选强3*,2026-04-10,0.9837132985259388
组合·选强3*,2026-04-11,0.9936851859010245
组合·选强3*,2026-04-12,0.9593528087917473
组合·选强3*,2026-04-13,0.9748210803767409
组合·选强3*,2026-04-14,0.9732028642009283
组合·选强3*,2026-04-15,0.9478913843092148
组合·选强3*,2026-04-16,0.9521790460754634
组合·选强3*,2026-04-17,0.9890905084877081
组合·选强3*,2026-04-18,1.0074812671590523
组合·选强3*,2026-04-19,1.0146136088687545
组合·选强3*,2026-04-20,1.013343425999748
组合·选强3*,2026-04-21,1.0125450016366873
组合·选强3*,2026-04-22,1.0191359367110921
组合·选强3*,2026-04-23,1.0257852613813743
组合·选强3*,2026-04-24,1.0285066714004711
组合·选强3*,2026-04-25,1.0307447228825277
组合·选强3*,2026-04-26,1.0352470749027955
组合·选强3*,2026-04-27,1.0427921844246706
组合·选强3*,2026-04-28,1.0324909048169837
组合·选强3*,2026-04-29,1.0230131042995436
组合·选强3*,2026-04-30,1.0178276683016794
组合·选强3*,2026-05-01,1.0247453740303152
组合·选强3*,2026-05-02,1.0206607050877907
组合·选强3*,2026-05-03,1.0305359166669152
组合·选强3*,2026-05-04,1.0376053078869354
组合·选强3*,2026-05-05,1.0156191415235185
组合·选强3*,2026-05-06,1.017460848005243
组合·选强3*,2026-05-07,0.9760400343068695
组合·选强3*,2026-05-08,1.001320813913211
组合·选强3*,2026-05-09,1.0277952212019767
组合·选强3*,2026-05-10,1.0373913832748218
组合·选强3*,2026-05-11,1.0663101392068781
组合·选强3*,2026-05-12,1.0814055508156881
组合·选强3*,2026-05-13,1.0789673578238652
组合·选强3*,2026-05-14,1.0639512530020891
组合·选强3*,2026-05-15,1.0644702194375544
组合·选强3*,2026-05-16,1.0588931353385544
组合·选强3*,2026-05-17,1.0751733263410048
组合·选强3*,2026-05-18,1.086229097706452
组合·选强3*,2026-05-19,1.0820227234547544
组合·选强3*,2026-05-20,1.0664532888329052
组合·选强3*,2026-05-21,1.0594109545841985
组合·选强3*,2026-05-22,1.0518942468626424
组合·选强3*,2026-05-23,1.0738568081044426
组合·选强3*,2026-05-24,1.0427883083701968
组合·选强3*,2026-05-25,1.0640381376009842
组合·选强3*,2026-05-26,1.0899246737011898
组合·选强3*,2026-05-27,1.0942034521184414
组合·选强3*,2026-05-28,1.0420831553803103
组合·选强3*,2026-05-29,1.071718016992282
组合·选强3*,2026-05-30,1.0522039008401405
组合·选强3*,2026-05-31,1.0927809260141599
组合·选强3*,2026-06-01,1.1078598299642852
组合·选强3*,2026-06-02,1.147941782205322
组合·选强3*,2026-06-03,1.1371065559480555
组合·选强3*,2026-06-04,1.2058639517019845
组合·选强3*,2026-06-05,1.1849309738230844
组合·选强3*,2026-06-06,1.1914413193915605
组合·选强3*,2026-06-07,1.212296951468271
组合·选强3*,2026-06-08,1.2238122441217214
组合·选强3*,2026-06-09,1.235983729585826
组合·选强3*,2026-06-10,1.2323970760709904
组合·选强3*,2026-06-11,1.254963000123299
组合·选强3*,2026-06-12,1.2862932568519974
组合·选强3*,2026-06-13,1.2716070904557009
组合·选强3*,2026-06-14,1.2413076890485453
组合·选强3*,2026-06-15,1.2373754633595042
组合·选强3*,2026-06-16,1.2293834217368595
组合·选强3*,2026-06-17,1.221566479968925
组合·选强3*,2026-06-18,1.24799464747083
