,reversal,flow,combo_ew,combo_rp
2024-06-11,0.9909518399807782,0.9944803137704838,0.992716076875631,0.9928612208428936
2024-06-12,0.9902534982318595,0.9739884132662764,0.9821385107168424,0.981469326715883
2024-06-13,0.9670229434738945,0.9680611397250293,0.9676299831347946,0.9676721066358623
2024-06-14,0.9563204233965832,0.9870554642317371,0.9717682962847277,0.9730321628517873
2024-06-15,0.9569108207698184,1.0034318257558998,0.9801296285458694,0.9820437312724554
2024-06-16,0.9453092167401257,0.9911268319788074,0.9681784533896236,0.9700636058501994
2024-06-17,0.8945081785836826,1.0235579796984027,0.9580035577388021,0.9633190301876636
2024-06-18,0.8854609044223163,1.0454330241520116,0.9633958384305347,0.9699888926389952
2024-06-19,0.8947654096694236,1.0376200286275967,0.9648576176099104,0.9707432020332836
2024-06-20,0.8940959144509333,1.043112182470751,0.9670501573753078,0.9731903534323487
2024-06-21,0.9149312146634201,1.0230586094620453,0.9690221915937061,0.9734724195367856
2024-06-22,0.9119007945314818,1.0249956649356105,0.9683347734629836,0.972990295866972
2024-06-23,0.9105306268454042,1.0138939931486608,0.9623633020656475,0.9666167548893095
2024-06-24,0.9372818009452919,1.0082528450550174,0.9738230852931435,0.9767377661380418
2024-06-25,0.9449228636393209,0.9981990628561648,0.9729373324578875,0.9751211790885014
2024-06-26,0.9588430889920841,0.9849996254468799,0.9736710965086663,0.9747352745247168
2024-06-27,0.9841099067596375,0.9598479771925882,0.9740686855038428,0.9730528864425144
2024-06-28,1.0029542532294384,0.9697395418021973,0.9884137779324176,0.9870290531265207
2024-06-29,0.9890653484712869,0.9758795635108835,0.984699133695034,0.9841389354382205
2024-06-30,0.9638804874806957,0.9728284238860279,0.9706229350620514,0.9709749943281337
2024-07-01,0.9611227553724165,0.9714145800624903,0.9685291044349709,0.9689366309164613
2024-07-02,0.9680785167312018,0.9611811288565015,0.9669322584790311,0.9666307814458159
2024-07-03,0.9730037930346312,0.9633738834308254,0.9704949180808778,0.9700807422126101
2024-07-04,0.9716138848276309,0.9765017749664694,0.9764142208268314,0.9765982970500513
2024-07-05,0.9980531312970427,0.9961343537905145,0.999514565939515,0.9994175049502633
2024-07-06,0.9948961961704229,0.9898987661784261,0.9948054135412459,0.994581501430047
2024-07-07,1.0050085919510816,1.0029538863933127,1.0064210654330106,1.0063182599647993
2024-07-08,0.9933014242545407,1.0081701365957347,1.0031763960626532,1.0037714151107533
2024-07-09,1.0054551751943601,1.0182557184657381,1.0143314978137246,1.0148409792580015
2024-07-10,1.0091052887316252,1.013378441762049,1.0137434263143303,1.0139011089007444
2024-07-11,1.0189535881427596,1.01900235768302,1.021503179557873,1.021486492893915
2024-07-12,1.0130651101431083,1.0010619553931848,1.0095593578903281,1.0090459128125289
2024-07-13,1.0271875524573373,1.0004933104027047,1.0163094074748056,1.0151903289275341
2024-07-14,1.0934557313563076,0.9898234364000035,1.0436733262576574,1.0393846563776752
2024-07-15,1.09102472756061,0.9897269825644378,1.0424623126004422,1.0382695072617782
2024-07-16,1.0832194694439683,0.9878258821063062,1.0377321946806124,1.0337819213633703
2024-07-17,1.0919592754446,1.0084392724579365,1.0527459972895115,1.0492828482177556
2024-07-18,1.0807783241377678,0.9936902178815249,1.0396577467836974,1.036048331437625
2024-07-19,1.089542283836776,1.0044417649520083,1.049497458295022,1.0459694142918594
2024-07-20,1.1077486753895782,0.9938475548134897,1.0527313625754,1.0480196662753745
2024-07-21,1.102117355307176,0.9971335101297354,1.0517958661083777,1.0474500469710917
2024-07-22,1.1388317414410334,0.9821115426528754,1.061392157470546,1.0549222404863015
2024-07-23,1.1610007129392224,0.976849351308935,1.0688794177125398,1.061286621288724
2024-07-24,1.139881156666896,0.9721820423474283,1.056604009906107,1.049683966679564
2024-07-25,1.161162495063632,0.9743585919694807,1.0676500738060646,1.0599482171328365
2024-07-26,1.1614676896503575,0.9871813687159277,1.0748156386575736,1.0676244301408857
2024-07-27,1.1609346159422589,0.9767280065129225,1.0688783218343934,1.0612819547968757
2024-07-28,1.1492316431322487,0.9942736054518101,1.0730913063846446,1.0666892970623019
2024-07-29,1.1529144685756063,0.9870863115729921,1.0709321982885567,1.0640852749839902
2024-07-30,1.1526560074092052,0.9964313044095688,1.0758815485283164,1.0694271875521832
2024-07-31,1.1577791144378529,1.0009235600104414,1.0806977080948137,1.0742172580349985
2024-08-01,1.1383785840251843,1.0091096898809615,1.076062541414965,1.0707117249812153
2024-08-02,1.1457861875709,0.9926690877235705,1.0707978879641453,1.0644690812882271
2024-08-03,1.1498592256281783,0.9818095176868153,1.0668439823637677,1.0599038712121458
2024-08-04,1.118793707010682,0.9742235337618561,1.0483111234617444,1.0423326139813975
2024-08-05,1.116809666375054,0.9938838467586318,1.0579593177741005,1.0528670878534963
2024-08-06,1.1147913656188018,0.9693835716994276,1.043963443454976,1.0379492182375987
2024-08-07,1.08850963273869,1.0085358868771706,1.0527397341446028,1.0494059773875724
2024-08-08,1.1007212029372635,1.0168659067014256,1.0629924360258183,1.059498475135997
2024-08-09,1.0946827133674866,1.0194318326325629,1.061417840149035,1.0582781206376481
2024-08-10,1.1198761849530119,1.008092578415485,1.067728655669633,1.0630841828438093
2024-08-11,1.0840592208793172,1.0323668451873718,1.0635092239447652,1.0613347140577147
2024-08-12,1.077379564125226,1.0496488065018323,1.0691343515955474,1.0679481904210129
2024-08-13,1.0802602329305944,1.0517274036597208,1.071622255067067,1.0704028683669644
2024-08-14,1.0746927056684343,1.0562747297065114,1.0711774234149323,1.070375849648074
2024-08-15,1.06276459955298,1.0654797953370423,1.0699003472687547,1.0699721273833098
2024-08-16,1.070661191348323,1.0743510048987783,1.0783291609012127,1.0784409331188598
2024-08-17,1.0790385858598892,1.0615894501200938,1.076143452768953,1.0753809441544042
2024-08-18,1.0766127639664023,1.0643436424008956,1.076329771768095,1.075781344903233
2024-08-19,1.060515912551676,1.0700666969599042,1.071177214055296,1.0715309941692095
2024-08-20,1.0672638175604783,1.0616534332765601,1.0703740872059642,1.0701005899169151
2024-08-21,1.0752665212934933,1.0616160131733912,1.0743682362573483,1.0737621002215756
2024-08-22,1.0689228964774713,1.0634246560968703,1.0721142578523146,1.0718452235665856
2024-08-23,1.0549059562660439,1.057958561419345,1.062329483364522,1.0624144398683724
2024-08-24,1.038692473760102,1.0756396708930982,1.0630427729966865,1.0645298528468488
2024-08-25,1.0468637820880449,1.0823326135514943,1.07053148861136,1.0719570269567353
2024-08-26,1.0547333784450215,1.0735980775077216,1.0702355956239367,1.0709734129035273
2024-08-27,1.0737072591073682,1.054845889528168,1.0705152444175265,1.0696912588833012
2024-08-28,1.0815562079585843,1.043939832288783,1.0688940204169857,1.06729468847982
2024-08-29,1.0878860758234012,1.0323457047672249,1.0660862653289043,1.0637465936378192
2024-08-30,1.0988180219301846,1.0192898706186584,1.064701435894797,1.0613717074177607
2024-08-31,1.0910374814388035,1.016301037858773,1.0593709566161513,1.056239022883577
2024-09-01,1.094322087668499,1.0218141481132423,1.0638389685848886,1.0607987165555501
2024-09-02,1.0957708863227207,1.018192316252569,1.0626577945969602,1.0594084790486962
2024-09-03,1.0868059664567007,1.0371636188023963,1.068210689252716,1.0661129048998743
2024-09-04,1.0953190725702406,1.03141784387987,1.069435526403302,1.0667488673853898
2024-09-05,1.0876268866491203,1.0261840578412518,1.062966969946363,1.0603820595711004
2024-09-06,1.0880424603672167,1.0101755351364383,1.054878876636788,1.0516165117166405
2024-09-07,1.0847727848430804,1.0183124771373187,1.0575423820271372,1.0547502200290264
2024-09-08,1.0808342371909299,1.0065543536241846,1.0495169924616248,1.0464025698359989
2024-09-09,1.0631780736477332,1.0040106642368516,1.039618574264923,1.0371278981091785
2024-09-10,1.0686290992477339,1.0134638605218222,1.047177921159925,1.0448520846725942
2024-09-11,1.0894169956392468,1.0215792283589864,1.0615558934520044,1.0587062028150436
2024-09-12,1.1170337332944127,1.0119636422236054,1.0700151899012837,1.0656288865110943
2024-09-13,1.1111984066876086,0.9998332478137508,1.0608072090596419,1.0561621960924972
2024-09-14,1.1100121631605906,1.0015628846231357,1.0611585430904582,1.0566335282077843
2024-09-15,1.1166553219681745,0.9926866566716486,1.0596317402709658,1.0544679098649885
2024-09-16,1.1091960955724336,1.006733947103004,1.0635898928293093,1.0593103197289109
2024-09-17,1.0972855488506477,1.0202367355485833,1.0650121626955396,1.0617792183884438
2024-09-18,1.0930744533231236,1.0267403994181559,1.0663630893791232,1.0635720845631518
2024-09-19,1.079650150855784,1.0415295670719853,1.0674949088123262,1.065868423185288
2024-09-20,1.0616959071727194,1.0548558174028413,1.0654480928412955,1.0651148331293026
2024-09-21,1.065243820049742,1.061508197223719,1.0705879083559786,1.070382934765165
2024-09-22,1.0638096338887253,1.0535816050839468,1.0658700212819563,1.0653964440720705
2024-09-23,1.0737152710031455,1.046651495360283,1.0673269630411466,1.0661563945401549
2024-09-24,1.0616177609921038,1.0327207264966811,1.054211218385872,1.0529654408507256
2024-09-25,1.088777649349337,1.0332156399805346,1.0679490261712488,1.06559965382481
2024-09-26,1.1066409390587941,1.044722100311894,1.0826564414005404,1.0800437036489
2024-09-27,1.101332266218401,1.0417556657309575,1.0785225594637347,1.076006771965248
2024-09-28,1.1058043259107988,1.0421172512306804,1.0808994523719855,1.078213755099619
2024-09-29,1.1037083669386965,1.0423250204353867,1.079982826079776,1.077392315176584
2024-09-30,1.1173720190964491,1.0564873149832903,1.0940047734595182,1.091434141105297
2024-10-01,1.1157097333831094,1.0798860169497977,1.1053058246165173,1.1037697736359149
2024-10-02,1.14395311958922,1.0592860426136357,1.1087533918989696,1.1051970671026579
2024-10-03,1.1302764986615075,1.0755557560150333,1.1106402424396453,1.1083196562724025
2024-10-04,1.1433811134747787,1.0640425110839258,1.1111343140978933,1.1077960834914782
2024-10-05,1.1201441200455793,1.06822559886378,1.102027604346799,1.0998219868960626
2024-10-06,1.0981070377918858,1.0704582812968153,1.0923389360156046,1.0911373182429256
2024-10-07,1.102715514763868,1.0768688705913771,1.0979018832003005,1.0967745732916252
2024-10-08,1.1216707708445215,1.059497955228465,1.0984830401079657,1.0958518468125809
2024-10-09,1.1300234024127502,1.064953202713442,1.1054010099008231,1.10264967047356
2024-10-10,1.1075139269988616,1.0654931796669571,1.0946717476505141,1.092873610351748
2024-10-11,1.0907674439202977,1.083627135564986,1.0957108755028606,1.0953559026929442
2024-10-12,1.0723873308007963,1.0805609462946717,1.0849289785114535,1.0852092531202318
2024-10-13,1.1038685731092324,1.0687185855539196,1.0949085713731357,1.093391726306414
2024-10-14,1.1497362586945086,1.0446940198847159,1.1053496067505542,1.1009383673421826
2024-10-15,1.1665798450293148,1.0625552113305206,1.1228953803396426,1.1185249412491722
2024-10-16,1.1405752085461611,1.0616001803531916,1.10987532234414,1.1065398421965227
2024-10-17,1.1410283250560613,1.0648756036596367,1.1118079673778136,1.1085890346369032
2024-10-18,1.1272043972014887,1.0644693099656952,1.1048609103436335,1.1021971733590732
2024-10-19,1.080655166812807,1.0631394874174684,1.0813575038968146,1.0805661156528914
2024-10-20,1.0805524740300234,1.058648473236686,1.079022137911619,1.07804891643761
2024-10-21,1.0926932174122357,1.0449235669122272,1.0780893915081287,1.0760438372545287
2024-10-22,1.122956171360649,1.0468760872771095,1.0940258831894065,1.0908069000518987
2024-10-23,1.1272466019150222,1.0476275027056032,1.0965084611603133,1.0931429456305062
2024-10-24,1.1551528940232043,1.055131472417233,1.114008175786165,1.1097978378001832
2024-10-25,1.1427768684833417,1.0699802078040688,1.1158792202340877,1.1127933600632147
2024-10-26,1.1503829260399163,1.063475039268816,1.1162006261687925,1.1125309130431231
2024-10-27,1.1319412372053372,1.0606918363543636,1.1057931734052107,1.1027715474722788
2024-10-28,1.1510164724265353,1.0494503558472097,1.1092507322395966,1.1049744539297626
2024-10-29,1.148597477079219,1.0569839257569709,1.1120665483879533,1.1082012295996535
2024-10-30,1.1533220510009485,1.053200906343446,1.11236362126563,1.1081466042506751
2024-10-31,1.14910859618925,1.0556043776510766,1.1116009531791682,1.1076573840598203
2024-11-01,1.157790023101106,1.0545400509053844,1.115239589950452,1.110892943092165
2024-11-02,1.1668972962217357,1.048761388209503,1.116570232032551,1.1116085371649391
2024-11-03,1.1727396912744505,1.027309980120396,1.1079462548849357,1.101858658927009
2024-11-04,1.1775813549049559,1.0355916580776612,1.1146992010044894,1.1087527648852198
2024-11-05,1.234708033921762,1.0850341732082367,1.168346958236759,1.1620792788977714
2024-11-06,1.2306523897110235,1.092688280692217,1.1705490327572363,1.164763764931005
2024-11-07,1.249778283805869,1.093835148487342,1.1802592333108952,1.1737316398062747
2024-11-08,1.2413386576123635,1.1009740354670345,1.1801256135421503,1.1742399073135545
2024-11-09,1.2798962662800666,1.1171992551381567,1.2071495832940253,1.200340602269154
2024-11-10,1.301571134212416,1.0959673611481855,1.205900358953627,1.1973238758743827
2024-11-11,1.296871994457137,1.0690654955653798,1.188923338975103,1.179436465033735
2024-11-12,1.24841433952661,1.0820452601375543,1.1739287564335283,1.1669633844003646
2024-11-13,1.227826834562529,1.0643430023140135,1.1546464361660074,1.1478017584107598
2024-11-14,1.1872134126007687,1.0755401148513082,1.141623598738128,1.1369145799379488
2024-11-15,1.1329695135865416,1.0608691795893985,1.1077569763544843,1.1046865158216426
2024-11-16,1.1494992330335259,1.069066138745873,1.1201175362708746,1.1167009471504574
2024-11-17,1.1034173630509292,1.0574938634421285,1.0916030929167517,1.0896177363694364
2024-11-18,1.0886403393748902,1.0547230455318701,1.0828635947309395,1.0813769448000898
2024-11-19,1.083557288123409,1.0787650581553931,1.0926772883142049,1.0923988236082813
2024-11-20,1.0979893315746514,1.0856278421090813,1.103429690008573,1.1028358468571153
2024-11-21,1.0658006691570454,1.0679493906876358,1.0782714449332007,1.0782823375399817
2024-11-22,1.0244463099364383,1.0851562081400525,1.0660388879834695,1.0684853445260145
2024-11-23,1.0332988733194373,1.0446082806384445,1.050728081932697,1.0511172795088508
2024-11-24,1.0683356800768906,1.05459875553877,1.0735664795314181,1.0729115620177456
2024-11-25,1.093308716056328,1.0293508617851101,1.0732631364543974,1.0705201287192054
2024-11-26,1.1318528988940706,1.0564064053225604,1.1062867469378417,1.1030643129358801
2024-11-27,1.1448344945511209,1.0249605415619516,1.0961656098749815,1.091101582541385
2024-11-28,1.207512116845241,1.013861592569569,1.1202371519987722,1.1121186649847696
2024-11-29,1.190755556739176,1.041864768994072,1.1279350776334447,1.1216591799350124
2024-11-30,1.2442734820506833,1.0606898126341036,1.163472429508046,1.1557587587178657
2024-12-01,1.227763594903536,1.066693007327177,1.159046005404071,1.1522615792494662
2024-12-02,1.2900873334976637,1.13746231026614,1.2269119655287128,1.220468877415812
2024-12-03,1.3392827900355524,1.1235649303098036,1.242810014392886,1.233755598077519
2024-12-04,1.306849122345444,1.1352931120204524,1.2342477831424323,1.2270145369583285
2024-12-05,1.295809281287796,1.1281125500177624,1.225131301121113,1.2180586276434116
2024-12-06,1.3307154959803065,1.1268004960130065,1.2409200088696284,1.2323481980392006
2024-12-07,1.321131347901024,1.1193246303760802,1.2323347984558135,1.2238510670761302
2024-12-08,1.2396649195450395,1.1867335938161403,1.2314467468525738,1.2291053100039815
2024-12-09,1.2345785032269514,1.1917238124975582,1.2315095173294632,1.229588010996121
2024-12-10,1.2604100996178305,1.1701613651334355,1.233252053811483,1.2293543857737166
2024-12-11,1.2481214945426176,1.1474815181223157,1.2152888130854875,1.210960825235647
2024-12-12,1.2418457117789563,1.1634416571303121,1.2206850960385645,1.217281199387843
2024-12-13,1.2215030092493608,1.1660478083239194,1.2120542503136111,1.2096068318569748
2024-12-14,1.2039334536260544,1.1616210072105548,1.2010366955490623,1.199138311014681
2024-12-15,1.1866656604611816,1.1854897990614852,1.204762922169148,1.204579685496902
2024-12-16,1.1967600416211055,1.1929175471994364,1.213661337449345,1.213365706997819
2024-12-17,1.193853865042361,1.212913587910178,1.2223596050208387,1.223019697924826
2024-12-18,1.1967033579710311,1.2347653743308238,1.234829352945602,1.2362824660819827
2024-12-19,1.1973636677742077,1.2175623224031658,1.2265680546669875,1.2272748679606533
2024-12-20,1.1782686787388668,1.2075677844602668,1.2117534598747937,1.2128424260335906
2024-12-21,1.1735300254269723,1.2161747638794567,1.2136352066819778,1.2152821033866132
2024-12-22,1.1828685475973435,1.2255290739615023,1.2231314273722405,1.224777910374071
2024-12-23,1.16400061708525,1.240327329317309,1.2207609975100526,1.2238162755855504
2024-12-24,1.174371021011354,1.2314093094836913,1.221810378018294,1.2240578139580045
2024-12-25,1.2136864522030584,1.2136090662232608,1.2334314332530854,1.2332867357918553
2024-12-26,1.18355739134023,1.23028098145542,1.2265939361601579,1.2284063361917745
2024-12-27,1.193159316188589,1.230573913808125,1.2317154985355123,1.2331375548850867
2024-12-28,1.2057787940872986,1.237733164761894,1.2418120789159472,1.2430044057126928
2024-12-29,1.2069893736504123,1.2398616567935052,1.2435032102806285,1.2447337547056947
2024-12-30,1.2144652833752883,1.2339655720788023,1.2443975447877889,1.2450683467531845
2024-12-31,1.2657961962073758,1.2289923138613315,1.2681879125395312,1.2665004156973316
2025-01-01,1.2638347301998472,1.2220465293696559,1.2636216750926268,1.2617265490638074
2025-01-02,1.2393731993603034,1.212972894048313,1.2467018071486355,1.2454512409936362
2025-01-03,1.250940044288738,1.184361904870658,1.2378161430623293,1.2348879263999248
2025-01-04,1.2639156600571833,1.1760877231988234,1.2399120741872174,1.2360971168125627
2025-01-05,1.2876843528375885,1.157722420636165,1.2418897409567107,1.2363184870942783
2025-01-06,1.2889915617566667,1.172892817574912,1.250656749225951,1.2456609384169126
2025-01-07,1.2933377484327861,1.1923059102101523,1.2631153141800708,1.2587450687455641
2025-01-08,1.3116901617888717,1.1953055382597397,1.2736659791747127,1.2686547594702706
2025-01-09,1.3198339685444203,1.1880112963802827,1.2737336287740717,1.2680796764962077
2025-01-10,1.3236236966185921,1.1789715003346233,1.2707162708027742,1.2645290201843917
2025-01-11,1.3435252650058591,1.1706334669356884,1.2757758660060237,1.2684140014080274
2025-01-12,1.329594302488165,1.1636022434635767,1.2653302579485062,1.2582562950890568
2025-01-13,1.3332916660880794,1.1352048912626749,1.251649589913368,1.2432450305476277
2025-01-14,1.3063045828472721,1.1252421486671578,1.2334899645819464,1.2257936631310744
2025-01-15,1.2714524863339258,1.0881948937460844,1.196729667733459,1.1889478941236566
2025-01-16,1.2634954118320594,1.0875171832982922,1.192612295639182,1.1851329118461038
2025-01-17,1.3411397461323975,1.1017679522978006,1.2370704727231443,1.226955279944334
2025-01-18,1.3763705575799623,1.122843081725849,1.2651505940709822,1.2544453931452462
2025-01-19,1.3686436136844227,1.1284351868640004,1.2647497367820728,1.25459461187871
2025-01-20,1.338734269484516,1.1241623739318347,1.2485357918022237,1.2394432415654872
2025-01-21,1.3517781684074337,1.1219680141239405,1.253399750723363,1.243675490813918
2025-01-22,1.3457064158010492,1.108702633872278,1.2431751470412622,1.2331551360711677
2025-01-23,1.368248780540856,1.116248136677543,1.2578179036531465,1.2471753712734464
2025-01-24,1.4205068984283782,1.1116066833400924,1.2792230393089947,1.2662266516366023
2025-01-25,1.4027328969999826,1.1124214707851574,1.2716887647960864,1.259458827152797
2025-01-26,1.4216931672733617,1.1196103689300123,1.2843923326572044,1.271674756357151
2025-01-27,1.4488980264916165,1.107387969072909,1.289670465977655,1.2753285851245784
2025-01-28,1.4547826930945538,1.0938194005274995,1.2843884328084185,1.269249434240233
2025-01-29,1.4464402586734308,1.1094564318800628,1.2898864623051391,1.2757284535281395
2025-01-30,1.4472392415048225,1.0954392644695823,1.282094331044264,1.2673298523261174
2025-01-31,1.5062311722904227,1.0895841177515138,1.3047980917896898,1.2873685376412063
2025-02-01,1.5613113699611698,1.0922496706830722,1.3302511913435775,1.3106746787379913
2025-02-02,1.5498598912883839,1.0897500647864933,1.3238506750649186,1.3046404102585494
2025-02-03,1.540568770209455,1.101327951815847,1.3269150831053402,1.3085522426430427
2025-02-04,1.5684655045463183,1.0931255157593733,1.3339877433758025,1.3141514223214419
2025-02-05,1.5478451964286175,1.0835255223441205,1.3193612649251198,1.2999783818148705
2025-02-06,1.5718815741492602,1.0811014236325167,1.328129539371387,1.307667800705193
2025-02-07,1.5939188637485955,1.0693920429275605,1.3302470525836503,1.3084159489453728
2025-02-08,1.6003783279775379,1.0484999399457722,1.319948371422565,1.297016681218466
2025-02-09,1.6189514406197596,1.0707334571390723,1.3416024700759002,1.3188067466781772
2025-02-10,1.6497401595814183,1.0721200271392979,1.3552282298978482,1.3312395424119798
2025-02-11,1.6453357099948562,1.0758574120044377,1.355781293353649,1.3321199093682685
2025-02-12,1.635829987158679,1.088419252766217,1.3597799971488815,1.3370052231565974
2025-02-13,1.6993216404556994,1.0661113321969202,1.372233818892416,1.3459886038825697
2025-02-14,1.7117744404761996,1.0872955959756039,1.3908953021379196,1.3649876134693544
2025-02-15,1.7420462956524498,1.0803239477335191,1.3987347859741528,1.3713280889468586
2025-02-16,1.7009504410501919,1.087985443085144,1.3871961233628662,1.3617462984371016
2025-02-17,1.6977078034454869,1.0915422715647904,1.3881413723238227,1.3629641170293647
2025-02-18,1.7233255989142102,1.0970495766248338,1.4021165356333087,1.3761226730883478
2025-02-19,1.7624176924664992,1.0955372885883015,1.4170530007004654,1.3894201216041506
2025-02-20,1.7575693010180764,1.090341111742592,1.4117432828718512,1.3841000911447905
2025-02-21,1.7237930893533282,1.084862739642746,1.3946315231992488,1.3681314803772602
2025-02-22,1.7260279217961634,1.082164645931244,1.3938013166097618,1.3671041205444252
2025-02-23,1.7190248639276295,1.0850845943054945,1.3928541741554095,1.366555025679084
2025-02-24,1.6673766485456405,1.066373127395621,1.3599206156014945,1.3349628779511802
2025-02-25,1.6364072160571548,1.079852723502259,1.3558863109213453,1.3327167098123969
2025-02-26,1.690355609156922,1.0656874693359073,1.3693433602184115,1.3434173406149024
2025-02-27,1.6882230687937805,1.06216393358449,1.366215819196773,1.3402360174294472
2025-02-28,1.6783453347084838,1.0802104614793793,1.3738252153506418,1.3489599710291733
2025-03-01,1.8011615195905792,1.0625490511818585,1.412860380138574,1.3823208197208092
2025-03-02,1.85758232954752,1.0680552373172005,1.4386498395716116,1.4060663113303535
2025-03-03,1.8383194689726399,1.0538556497673643,1.421627258493336,1.3892600942397402
2025-03-04,1.8339900713789752,1.0663469851367804,1.4283784957625136,1.39666957415376
2025-03-05,1.8346218998701,1.0605318890496167,1.4247298624250087,1.3927688421961544
2025-03-06,1.8546112001202248,1.05235851391962,1.4270014036863985,1.3939236606892083
2025-03-07,1.8202237837166984,1.0502662231640663,1.4123533990996884,1.380564351976911
2025-03-08,1.8143247997951528,1.0700812825682846,1.4233880456587098,1.3926061083781114
2025-03-09,1.8329884939299987,1.1038525978958995,1.4531699021957556,1.4229625143771112
2025-03-10,1.8655704869791359,1.077286001535538,1.4485983606926998,1.4160368087013109
2025-03-11,1.8759039631621162,1.064714321089756,1.444157880161518,1.4106937491915534
2025-03-12,1.930252623933348,1.0567548576586325,1.4596799091025243,1.4237410802513826
2025-03-13,1.9387771753974568,1.0512206813987004,1.4590809544730425,1.4225915239453735
2025-03-14,1.9495326382493028,1.0557396375262422,1.4662642434270203,1.429522093035446
2025-03-15,1.9662103523155599,1.045374673840016,1.4653382954161818,1.4275389838272912
2025-03-16,1.9626235483269074,1.0619076983091449,1.4755892040504812,1.4385612962802155
2025-03-17,1.9468667100569448,1.0717892650485488,1.476531389005535,1.4405055796118102
2025-03-18,1.9559733029743147,1.0596808945289613,1.4716442332893702,1.4347910678365685
2025-03-19,1.9869737744203115,1.0489020457106393,1.4758217461099157,1.437328206742235
2025-03-20,1.9857658322983873,1.0468291974344066,1.473914882390801,1.4353901805332838
2025-03-21,1.981405778218932,1.0692527498405084,1.488082739032509,1.4505821318311491
2025-03-22,1.9744028378240945,1.0544864783957364,1.4751779164142942,1.4373893778386246
2025-03-23,2.012603592054633,1.0401986111988781,1.4794547572167192,1.4396115224511328
2025-03-24,2.0208664780911727,1.0393741767737161,1.4819054714337219,1.4417061756399376
2025-03-25,2.050415765329414,1.0358125866872323,1.4902007485254183,1.4487060533290022
2025-03-26,2.0493921930188783,1.0377363665120378,1.4912126425142942,1.449830199196219
2025-03-27,2.0860342959707334,1.0243732042521345,1.4949423703824571,1.4516221285579232
2025-03-28,2.1152138407542433,1.0199422524157147,1.5021648268477759,1.4575417434451743
2025-03-29,2.1484454827582824,1.0088401986654711,1.5057893922036347,1.4594640613163012
2025-03-30,2.0850392289157873,1.0004174845220388,1.477283648931944,1.433105858224993
2025-03-31,2.062016612515761,1.002264347420648,1.470491303819718,1.427276390028572
2025-04-01,1.9723994373141651,0.9870268114100447,1.4273588172918017,1.3870705323255077
2025-04-02,1.9322215802422853,0.9867951090934012,1.4126536039672104,1.373929248728817
2025-04-03,2.0027550360053277,0.9888939778257407,1.4399395509359438,1.3985243548006931
2025-04-04,2.008566730023577,0.9982028042958312,1.448806138008825,1.4075105205151879
2025-04-05,1.9599886016753347,0.9990801614005317,1.431922814514381,1.392559605409923
2025-04-06,1.9702385004442429,1.007131158147459,1.4414364952196965,1.401973801761795
2025-04-07,1.97541046686146,1.014649377020893,1.448708564496448,1.4093259017385797
2025-04-08,1.964431734355986,1.0161959946950199,1.44578694739302,1.4068942696003646
2025-04-09,1.9526630745651654,1.0118142378478518,1.4383391253101792,1.399743964535172
2025-04-10,1.926220742506789,1.0145247880606196,1.4305269476891602,1.393075369490192
2025-04-11,1.8858608369368068,1.023861608904182,1.4221227804669023,1.3866192946271008
2025-04-12,1.8860772407672366,1.025801943189672,1.4235519175193432,1.3881143026131921
2025-04-13,1.9073322719568615,1.0254778561904512,1.4313483576866155,1.3950551330850534
2025-04-14,1.9260710157371674,1.0348558551246325,1.4449244010094766,1.4082479445810732
2025-04-15,1.930352521948007,1.0249667635356843,1.4396265232480783,1.4024022084962404
2025-04-16,1.9419548656136933,1.0337897375901077,1.4501491406798546,1.4128025922897947
2025-04-17,1.9403202763949277,1.0231288927677045,1.4420615752500994,1.4043729160706961
2025-04-18,1.9279424577206457,1.0176106431602658,1.4335730459266058,1.3961631831364039
2025-04-19,1.9067044953462118,1.0125479404287796,1.422110942991178,1.3853471195871427
2025-04-20,1.9008854081205593,1.0100811201683149,1.4182085577827492,1.381580701313013
2025-04-21,1.908340612076074,1.0059247764568442,1.4180717734134085,1.3809907056277104
2025-04-22,1.9585456486001864,1.0154607152006883,1.4434467418882972,1.4047461701556831
2025-04-23,1.8880888912879255,0.978162267495839,1.3909741434818295,1.3536367096291368
2025-04-24,1.8251914468437533,0.9756536906961994,1.366021919157567,1.3310663866145371
2025-04-25,1.807521621886902,0.9650123059649299,1.3519600837321115,1.317297264139017
2025-04-26,1.8573967981353297,0.9526337071988427,1.3619414215140537,1.324832419945273
2025-04-27,1.8716083104232901,0.9401361447981982,1.3582181104436133,1.3200786401190894
2025-04-28,1.8689721629905838,0.9389250564028705,1.3563867581035824,1.318305244912875
2025-04-29,1.8600440109507532,0.9346979457840503,1.3500937250341511,1.312203804077311
2025-04-30,1.8577515978452863,0.9152153098607998,1.3351912363113467,1.2966609767465074
2025-05-01,1.838346757971702,0.9223531738462694,1.3334246266975351,1.2959184733071007
2025-05-02,1.8341601997491814,0.9292922387181181,1.336922112395736,1.299840028376837
2025-05-03,1.853141163162034,0.9230764506093777,1.339368580857701,1.3013076710976057
2025-05-04,1.8323491825408695,0.9264887417151205,1.3343304070717368,1.2972111385861362
2025-05-05,1.881635418289659,0.9064295916976202,1.3378311019624398,1.298023856190267
2025-05-06,1.8585485797111774,0.9347144851907505,1.3504971337471114,1.3126342881856978
2025-05-07,1.8487345454247457,0.9278066424657483,1.3419411895619047,1.304204298949011
2025-05-08,1.9551036336992988,0.8792670533759979,1.345443433692915,1.301714624115302
2025-05-09,1.9865468525637364,0.8492796313431606,1.3333193829493466,1.2872972686086888
2025-05-10,2.004348783218473,0.8505988884500308,1.3403290612477845,1.2936727254601568
2025-05-11,2.0696536915943904,0.8476447724974627,1.3598366295625666,1.3105825869087377
2025-05-12,2.096251449621924,0.8430586091408817,1.364895786509387,1.3144739892365351
2025-05-13,2.079007037642217,0.8479973037069134,1.3632795854126243,1.3136790494167079
2025-05-14,2.0337640206292362,0.8535133544903498,1.3528797786510909,1.3051851012883728
2025-05-15,2.0303862355102953,0.8569249933987131,1.3544601567237509,1.3070135373468592
2025-05-16,2.027162786888888,0.8528266679046402,1.3501460663439036,1.3026787933974198
2025-05-17,2.063950346493566,0.8530342683731397,1.3625611591967859,1.3136980135840912
2025-05-18,2.0541040728294964,0.8594428709049201,1.3644293108391252,1.316162949285972
2025-05-19,2.048114196917986,0.853578076959269,1.3577845391712429,1.3095416596474956
2025-05-20,2.0154495881326393,0.8572699440473354,1.349893461717663,1.3030230668858724
2025-05-21,2.022220757032345,0.8664996257818708,1.3594277576854992,1.3126233176958002
2025-05-22,2.017801182509943,0.8788860226149332,1.3676585802816499,1.3214606057886344
2025-05-23,2.014869281005423,0.8831318008320505,1.3699684498018,1.3240340319629684
2025-05-24,2.0026604889390747,0.8751603517703154,1.3596349913059942,1.313885454605944
2025-05-25,1.9944197173393763,0.8749086731799673,1.3566421002647981,1.3112001244101974
2025-05-26,1.984134615400119,0.879312870317455,1.3565586355745114,1.311669111183947
2025-05-27,1.9991832708349762,0.8693170913446204,1.3539925537822899,1.3081653654443142
2025-05-28,2.00898116990007,0.8672760007199699,1.3557209433669748,1.309445183489922
2025-05-29,2.0189921399921706,0.8486871241656682,1.3445697818981184,1.2972517382509707
2025-05-30,2.0354941034587184,0.8468585549511626,1.3486161174823903,1.3006045497509189
2025-05-31,2.043467444531473,0.8494182996684883,1.3532956725303447,1.3050696526837193
2025-06-01,2.0296821354677,0.8415333094545362,1.3424497859860964,1.2944740855027228
2025-06-02,2.0091352196256445,0.8520406321176524,1.3440356940698648,1.2972072150156206
2025-06-03,1.9993644563305308,0.8526522742448401,1.341249969748912,1.2948163573559421
2025-06-04,1.983453638353198,0.8668730692196449,1.347098066097364,1.3017741786653299
2025-06-05,2.018643734346833,0.8446826335474344,1.3418063799180855,1.294339735598736
2025-06-06,2.038295463623223,0.8380719161427042,1.3430870278207836,1.2946400639331719
2025-06-07,2.04120030383621,0.840209960788866,1.3457572722262294,1.2972739550431385
2025-06-08,2.049565147704232,0.8321638863982312,1.3420710654791972,1.2929908445174652
2025-06-09,2.0080567903758437,0.8135696550519091,1.3134871598058933,1.2653409906051845
2025-06-10,2.0222077142235095,0.8195562901820083,1.322947913868817,1.2744711671954831
2025-06-11,2.0221151009969502,0.8339766434429162,1.3345564640249301,1.2865791888506364
2025-06-12,1.9834919062988912,0.8522580281835755,1.3364384193229888,1.2905644701355032
2025-06-13,1.9966246713271896,0.8484887241649561,1.3379073699565835,1.2913967133464597
2025-06-14,1.9951132517419847,0.8484044805419351,1.3373345623044228,1.2908787567889437
2025-06-15,1.9761996141527853,0.8532433719555927,1.334809365367168,1.2892475286962286
2025-06-16,1.9309276424314223,0.8642159277960999,1.3281027605048623,1.2846667607137603
2025-06-17,1.9078469021186162,0.8664045338396904,1.321846923937163,1.2793810157207643
2025-06-18,1.8815284282712117,0.8775304538341683,1.3212168178466637,1.280172954139243
2025-06-19,1.8842514708215554,0.8843995616471494,1.3273439751813576,1.2864457682663513
2025-06-20,1.8658084297644055,0.8853002493932279,1.321523853095905,1.2813768299961308
2025-06-21,1.8812128189844592,0.8750467437723904,1.3193262875037808,1.278200368510976
2025-06-22,1.872065621353449,0.8945089958798709,1.3307905678866745,1.2907323707798892
2025-06-23,1.8295255886852515,0.9275429280621867,1.340243240814692,1.3030677593400541
2025-06-24,1.8757449470221956,0.9238070771540172,1.3544735039453357,1.315333271402921
2025-06-25,1.8867523478909323,0.924570083518523,1.3590070752202519,1.3194630133375327
2025-06-26,1.8819251429785717,0.9292460345577729,1.3607051272346977,1.3215250181520566
2025-06-27,1.8680088244566775,0.9293041164801558,1.3557166322584062,1.3170855442509228
2025-06-28,1.873313029676461,0.9160959399485582,1.3480070252679952,1.3086717467311137
2025-06-29,1.8797148293723756,0.9131870808140399,1.3481701947783702,1.3084752577172152
2025-06-30,1.9165854679005918,0.9091002338554955,1.3583756075644269,1.317083541060658
2025-07-01,1.921847555621319,0.9054944561517148,1.3575464813069384,1.3159159810402474
2025-07-02,1.9132143970239746,0.9064686367383339,1.3552276158997072,1.3139696216323955
2025-07-03,1.937513629974547,0.9225626590522338,1.3758645984087239,1.334251504719172
2025-07-04,1.9524441499958933,0.928806813686681,1.3858219315407199,1.343856209914298
2025-07-05,1.9701206474275295,0.926778030352074,1.3905816982796282,1.3478506187059083
2025-07-06,1.9695474247339386,0.9263436232855013,1.3900534952485268,1.347328790515779
2025-07-07,1.9859723994358949,0.9229240521012358,1.393283975997983,1.3497931951530857
2025-07-08,1.9963822376298863,0.9262977389828568,1.3994820806093664,1.3557097538234721
2025-07-09,2.012580085889253,0.8960636078977267,1.3823201239934897,1.3368118802303557
2025-07-10,2.0621558278690753,0.8908297732704437,1.3953084109096154,1.3476968197148902
2025-07-11,2.0474970894606486,0.9060061785292094,1.4022345851423486,1.3557251791049918
2025-07-12,2.001522977926181,0.9288619832495997,1.4041789061219787,1.360264065306043
2025-07-13,1.9680323266719855,0.9287017337597744,1.3923100092580505,1.3496929715732127
2025-07-14,1.955807849753185,0.9295364049663698,1.3886114965423058,1.3465024263518073
2025-07-15,1.9581571295906595,0.9428010226807263,1.3993533261628999,1.3576423840106313
2025-07-16,1.8954070044943878,0.9605001141068962,1.3900667841201533,1.351470687377289
2025-07-17,1.930701381384896,0.9684216430754825,1.408741148308766,1.3690498422919453
2025-07-18,1.939781522806242,0.9701479112520409,1.4133094041050345,1.3733249184444867
2025-07-19,1.9550144493593857,0.8696425755152909,1.345650719557277,1.3012843326554833
2025-07-20,1.9782299555862415,0.87977449718807,1.3614792893376957,1.3165790312734662
2025-07-21,1.9963266432204687,0.8810573196411999,1.3686992450215685,1.3231444195166548
2025-07-22,1.9996357606120125,0.889312823815705,1.3762459788340844,1.330859740358098
2025-07-23,1.999726625031138,0.8787111689241849,1.3680740120555284,1.3223021587537473
2025-07-24,1.9674307580037258,0.8734100888408391,1.352900066223196,1.3081862026558255
2025-07-25,1.9320436303762456,0.8694088623259165,1.3376341982131388,1.2941462482614838
2025-07-26,1.9948805576867465,0.842444230785772,1.3386432104736758,1.2917400006902149
2025-07-27,1.9613596713347952,0.8432595775458605,1.3280440874501684,1.282456540051754
2025-07-28,1.9601413349317622,0.8526119925058722,1.334996146443244,1.2897878086659431
2025-07-29,1.9264076535959014,0.8520015874269679,1.323030746495683,1.279102697141155
2025-07-30,1.9238781143812418,0.8570929589257928,1.326115188178549,1.2824682379083157
2025-07-31,1.9125351375024797,0.8617510665793267,1.3258094414999264,1.2827702969595054
2025-08-01,1.9004081195916467,0.8633723739064817,1.3228532857742523,1.2803439659371645
2025-08-02,1.9177500564711663,0.8607740011656282,1.3268984474422076,1.2836200270924294
2025-08-03,1.9300128705501112,0.8604757435926108,1.3309109062600082,1.2871456844421696
2025-08-04,1.916056864840162,0.8618304715083965,1.327146658508882,1.2839714387283214
2025-08-05,1.9451382296110153,0.860606674901124,1.3362759132184925,1.2919270685079534
2025-08-06,1.9833874428036262,0.8693795487419295,1.356225064573154,1.3107108610845486
2025-08-07,1.9573695449394912,0.8705930701376318,1.348276187222104,1.303811270044025
2025-08-08,1.9090026920306185,0.8814476718305128,1.3400233386991038,1.2978245462290112
2025-08-09,1.9067745093586426,0.8910713237951365,1.3465564951106048,1.3047971481928176
2025-08-10,1.8969054306009718,0.9205801559718375,1.3653681119805041,1.3250806189289868
2025-08-11,1.9026385936894157,0.9124548144209712,1.3614058477136746,1.3205894275116818
2025-08-12,1.8759358168078144,0.9022864347465192,1.3442667117041633,1.304121167168603
2025-08-13,1.8712896137839785,0.9213041401047002,1.3567687272265125,1.317513374463932
2025-08-14,1.9041679465700283,0.9050950097547633,1.356752581160313,1.315591971752752
2025-08-15,1.9402562262900018,0.8981791959407159,1.3644258823792539,1.3215933385667182
2025-08-16,1.9073901950104402,0.9123433929894176,1.3636282970268734,1.3225989728506444
2025-08-17,1.8895847282511613,0.9108505816189092,1.3561479588049494,1.315762557594056
2025-08-18,1.8794523401068455,0.900735458626881,1.3449818637929543,1.3046181542028497
2025-08-19,1.9088087012657031,0.9069140746377296,1.3600988945896446,1.318811397699901
2025-08-20,1.903402906541652,0.9106670546368555,1.3609871490384111,1.3200508177827073
2025-08-21,1.9435624541370817,0.9098536886154464,1.3747369720873979,1.332192896010003
2025-08-22,1.9612636397665877,0.9217205827777608,1.3899623477226737,1.3471627305681961
2025-08-23,1.9659360658488554,0.9277662461945092,1.3961764950397169,1.3534169895759902
2025-08-24,2.0156104128438304,0.9336035744286487,1.4182076983157623,1.373717028945739
2025-08-25,2.005769423385293,0.9322531778984129,1.413719906762763,1.3695641826701352
2025-08-26,2.0147922407263334,0.9415824551968445,1.4239733823621705,1.3798077541624691
2025-08-27,1.9983765075280382,0.948781501438976,1.423616023905504,1.3803578826762044
2025-08-28,2.009036843479141,0.9457966593685303,1.4251738328884527,1.3813868253759987
2025-08-29,2.0298982826786958,0.9384426686606329,1.4270325127906576,1.3821565286355086
2025-08-30,2.036996696203548,0.931976114447739,1.4246109824214492,1.3792205569967169
2025-08-31,2.058538180571127,0.9286795994235175,1.4296241856164165,1.3832733828866137
2025-09-01,2.057206155612043,0.936918514659037,1.4355032085958568,1.3895034229512357
2025-09-02,2.0583493916130595,0.9458115603761434,1.4427148360386943,1.3969947206105089
2025-09-03,2.0400808344295798,0.9490856036522671,1.438809609017444,1.3939222009408336
2025-09-04,2.025872137708884,0.9513525692372892,1.4355174739227055,1.3912690849375189
2025-09-05,2.0530526762586168,0.9400604353647898,1.4366279561123458,1.3908982062805642
2025-09-06,2.0559919729287435,0.941763787282315,1.4389579018498881,1.393175744886249
2025-09-07,1.9711670387588227,0.9323584091404793,1.4020886297049653,1.3592715703408076
2025-09-08,1.9148931418238873,0.9279838764052435,1.3787856236730784,1.3380141048182503
2025-09-09,1.9348672470403616,0.9414774083958061,1.3960008795491785,1.3549464941753255
2025-09-10,1.9619178951513205,0.9296013121273905,1.3969545598964834,1.3543898378273578
2025-09-11,1.9549303811813195,0.9332650945265935,1.3972197490042482,1.3550649502359122
2025-09-12,1.9232873459864566,0.9297186719023821,1.3832571304950696,1.3422140089428443
2025-09-13,1.9107146194442244,0.94219221774515,1.3880150999203167,1.347932480742743
2025-09-14,1.9009504718944337,0.9426564447275286,1.3848105216201982,1.3451311096195966
2025-09-15,1.8966574718864158,0.94574395440606,1.3855146871860207,1.3461212879228903
2025-09-16,1.9064925951607066,0.9616123798133394,1.4007306024483264,1.3615465310413644
2025-09-17,1.8940925607442072,0.9725334182406619,1.4041294041958725,1.3658506073412353
2025-09-18,1.8795147334405258,0.9718415960582121,1.3982265626752841,1.3605011404317995
2025-09-19,1.8750446571605859,0.9734458524294993,1.3977179049752932,1.3602316898480304
2025-09-20,1.8672448948473237,0.9762440253728842,1.3968196816616547,1.3597511468719805
2025-09-21,1.850061314594685,0.9719326769273704,1.3873081080233491,1.3507597081344813
2025-09-22,1.8376706052368676,0.9743246362460164,1.3843694947820129,1.3484073907763616
2025-09-23,1.7747526881385685,1.0037355663544938,1.3815648323058696,1.3492489702870167
2025-09-24,1.7927530886446992,0.9804011265526273,1.372512050687294,1.3385547428825626
2025-09-25,1.7708528034010567,1.003522936812981,1.3803134250742464,1.3481343082185109
2025-09-26,1.7418523168068862,1.0148540416589404,1.3768038131775673,1.3462408545563282
2025-09-27,1.75805840265097,1.0124258734992344,1.3815615721371044,1.35024526963937
2025-09-28,1.7767553869892676,1.0303005156957306,1.4011039533486787,1.369734598535684
2025-09-29,1.7718030859650238,1.0330372974856423,1.4010121967453797,1.3699516092067565
2025-09-30,1.747469109911296,1.039665563882854,1.3958860830979918,1.3660746730672404
2025-10-01,1.7785748139956683,1.0382079303840883,1.407331239190988,1.3761963451390828
2025-10-02,1.768312801532163,1.0393551377862131,1.4040487747930408,1.3733756807702475
2025-10-03,1.774142528777507,1.0424545690371831,1.4084566772343543,1.3776695086491677
2025-10-04,1.7820838269469184,1.0483533154010454,1.4155937847028068,1.3847176138044464
2025-10-05,1.8006618425402003,1.0333601175116585,1.412849810550441,1.3806250547642622
2025-10-06,1.77981481734839,1.0570754867629637,1.4208835138552176,1.3904363936859887
2025-10-07,1.8158355340905985,1.0513663636647796,1.4314247624734922,1.3992853024037855
2025-10-08,1.817256187629389,1.0562051439727609,1.4352786891323257,1.403272575919197
2025-10-09,1.8041194805123555,1.1437619941875714,1.4895815330819846,1.4615669209581599
2025-10-10,1.8595667296213099,1.1450322392764123,1.5132988552950828,1.4830572010870353
2025-10-11,1.8046620991818507,1.2224405232403646,1.54211061914674,1.5172186146021442
2025-10-12,1.7560297468589077,1.26212492525668,1.5463630521617293,1.5251103263608656
2025-10-13,1.7580839942958588,1.2555604409708594,1.5432461163917979,1.5216365433136623
2025-10-14,1.7839784884004632,1.2377301779987626,1.5436533604974596,1.5202272899850084
2025-10-15,1.7682017193807282,1.2310045196035082,1.5326336422817226,1.5095880298025128
2025-10-16,1.7760119900982392,1.2127541032240055,1.5246573883676322,1.500536798041735
2025-10-17,1.773579167944881,1.2241182238573658,1.5307565392058826,1.5072024015405043
2025-10-18,1.792156180797779,1.222432145426242,1.5377191279748974,1.5133230640383006
2025-10-19,1.812853423797363,1.2310946982485833,1.5520469184866068,1.5271457513064952
2025-10-20,1.8533331093591028,1.2399042644100602,1.5749280833040213,1.5487066285234323
2025-10-21,1.8921700232462304,1.248298384461943,1.5967606390129818,1.5692720033013163
2025-10-22,1.8544240200182478,1.2526044347022633,1.5835881699846217,1.557836695498232
2025-10-23,1.8411365454846773,1.2489063920021217,1.575577140425528,1.5502259133327385
2025-10-24,1.8394168146572323,1.255958435600166,1.5792896063741102,1.5542982832909231
2025-10-25,1.8043024550148055,1.255164139654244,1.563715944293808,1.5401511678734507
2025-10-26,1.8337523756026877,1.249110282008817,1.5727064454738529,1.5476665464605566
2025-10-27,1.8631050806935756,1.2626277563429882,1.593803193525883,1.5680972930849342
2025-10-28,1.8603243613794482,1.267009489323498,1.595379313185562,1.5699681144100643
2025-10-29,1.8650084617752092,1.2821639082586667,1.6069288002619486,1.5819434695417287
2025-10-30,1.8482917906387364,1.2829616927948757,1.6002270196626203,1.5759696545552813
2025-10-31,1.893721091860124,1.2576246237692936,1.6040917155628978,1.576902091153125
2025-11-01,1.888756174885062,1.2288034776657382,1.583608340469918,1.5554494353734458
2025-11-02,1.902653766513476,1.2317202796123439,1.5913139872537299,1.5626991467185103
2025-11-03,1.8850859713609944,1.2345456547158975,1.5857925519019926,1.5580179826411136
2025-11-04,1.8696089432581997,1.2496847331500076,1.5890058623562817,1.5624871184799514
2025-11-05,1.907138542848287,1.2646925930485458,1.6144957562670363,1.5870333049975953
2025-11-06,1.925859471719654,1.3455459472571314,1.6740282453551414,1.6490859238901654
2025-11-07,1.9325704877536267,1.361421461345644,1.6868205442203483,1.6622515969627165
2025-11-08,1.9777435077918313,1.340417692026386,1.6935229192148558,1.6662031657327971
2025-11-09,2.0777800549710985,1.314302778419063,1.7198559173953256,1.687309232903857
2025-11-10,2.1125823662088257,1.2972397711662969,1.7230954403704346,1.688423803709744
2025-11-11,2.1413186466125405,1.2862720058320058,1.727530471436679,1.691237651034427
2025-11-12,2.0796091781764194,1.3044827716045355,1.7148671072879156,1.6818301451866804
2025-11-13,2.1031819666185485,1.2808176016444623,1.7090312268339662,1.674067436288792
2025-11-14,2.096318193815326,1.2784053342367045,1.7046331211200265,1.6698543483319224
2025-11-15,2.0864471595830607,1.2723343731685957,1.6965722497374511,1.6619551839556106
2025-11-16,2.1153124819944513,1.2630050825328276,1.7020880236616256,1.6659113327932893
2025-11-17,2.086949940415031,1.2586497499038114,1.6877423211473987,1.652553057965823
2025-11-18,2.0772055761346984,1.2560541115802775,1.6820618618017282,1.6471682504598009
2025-11-19,2.0997955011981246,1.256929972597254,1.6917946610476409,1.6560095338309115
2025-11-20,2.1137055424882276,1.2378227869409224,1.6845394016582311,1.6474209544797513
2025-11-21,2.1046974824799105,1.2359165736908815,1.6796527962465286,1.6428264695456465
2025-11-22,2.1168552820146855,1.2420104825171772,1.688644974249274,1.651564335268254
2025-11-23,2.1508374024984227,1.2408253729465626,1.7013933388394582,1.6628773326350677
2025-11-24,2.17388906208704,1.2431451985540254,1.7121011517635096,1.6727375209190993
2025-11-25,2.13515387212457,1.250359894770002,1.7018158744092966,1.6643141005407336
2025-11-26,2.1335026010370375,1.265946722822823,1.7117651154457818,1.6749504775548685
2025-11-27,2.132322513991654,1.2581423230520603,1.7060153014509654,1.6689376788165742
2025-11-28,2.131461703190843,1.2509712456868447,1.7008090281373973,1.6634809730585387
2025-11-29,2.1402282505877603,1.254954253064176,1.7070143103698823,1.6694864977755817
2025-11-30,2.139760788333098,1.2730346197645825,1.7191245312285561,1.6823348870095256
2025-12-01,2.171309539809035,1.2740207255962768,1.732463790694264,1.6944219567194223
2025-12-02,2.156046694523346,1.295117705771474,1.7407190174234246,1.7041400488325447
2025-12-03,2.162199034397419,1.2882219362199627,1.7385684404560162,1.7014613891289059
2025-12-04,2.1950757308210034,1.302944246180965,1.7617206159976488,1.7238550789967784
2025-12-05,2.1801254731450843,1.3035725764034707,1.7561460231962442,1.7189174606119526
2025-12-06,2.1990002806032787,1.2912921851648174,1.7554761452012766,1.7169835116814764
2025-12-07,2.203785424410159,1.288139674353932,1.755243275033605,1.7164296278904112
2025-12-08,2.242965922279027,1.2793762912885462,1.764875694869299,1.7241134336997628
2025-12-09,2.2728670152662143,1.28664272676056,1.7816514747706453,1.7399591061925774
2025-12-10,2.296390935210801,1.271592770467623,1.7804513663945676,1.7372091072584384
2025-12-11,2.2767038770245236,1.2869348364992657,1.7835602057236855,1.7417172568180999
2025-12-12,2.2608620732640787,1.3018271713365657,1.7876746319466283,1.74706276230828
2025-12-13,2.268195047249954,1.289022090005828,1.7817817448479163,1.740363770092743
2025-12-14,2.285659196185002,1.2844522946359915,1.7854828755729575,1.7431738562670083
2025-12-15,2.2620648164936847,1.2899168548029034,1.780065362933494,1.7389299823858677
2025-12-16,2.315039135132132,1.283076945340844,1.7961891689956646,1.7526267316152624
2025-12-17,2.304168286110254,1.2825595204005027,1.7916097662439814,1.748467855719883
2025-12-18,2.3463538967834254,1.2555681237363392,1.7891583450832869,1.7432450419832115
2025-12-19,2.337783843113242,1.2448379444660815,1.778245755513942,1.732261579856219
2025-12-20,2.360605158580805,1.2400561182571084,1.7835099141587203,1.736420287374966
2025-12-21,2.327754825813807,1.2226341055489556,1.7585715957062265,1.7121308879007764
2025-12-22,2.3377173315302002,1.2226898288414083,1.762374905992384,1.7155355437103466
2025-12-23,2.335344722513445,1.218009412008049,1.7581074094802325,1.7111829536364653
2025-12-24,2.350591096015458,1.2159994475044538,1.7623957217031423,1.714781111355535
2025-12-25,2.357415624507491,1.2140103052836848,1.7635126540143231,1.7155476879100349
2025-12-26,2.347234109193128,1.2288131470501396,1.7704559649922236,1.7234674079903085
2025-12-27,2.333310806678604,1.2302797579092957,1.7662615131913977,1.7198894267907985
2025-12-28,2.329723879053434,1.2245928073339127,1.7608216438968647,1.7143741057520836
2025-12-29,2.3090309585451707,1.220933370625368,1.7503707950768965,1.704614572054245
2025-12-30,2.2845026350408584,1.2128303165307364,1.7352654905174334,1.6901836299164026
2025-12-31,2.3635829040723393,1.1833912203542585,1.7442393406817747,1.6948300349317744
2026-01-01,2.4314182522913645,1.182545406786449,1.7686460304213933,1.7164946326143675
2026-01-02,2.437063769583717,1.156759920933722,1.7514166170602326,1.698069696638624
2026-01-03,2.399730077811855,1.1401425016025697,1.7254215532985473,1.672933036289125
2026-01-04,2.4029276753570583,1.1215636483760842,1.712513053008294,1.6592041513153002
2026-01-05,2.3787382865256625,1.130718366210397,1.7108825927889981,1.6588686078088324
2026-01-06,2.4051550644173036,1.1472740735778353,1.732907754641466,1.6804654788550126
2026-01-07,2.348632421400772,1.1374623128387842,1.7051354288788956,1.6545669382964974
2026-01-08,2.2899878120477477,1.151276976377188,1.6942016550939483,1.6464834853911434
2026-01-09,2.2452634939079967,1.1599173058199899,1.6840149477943185,1.6384147492975045
2026-01-10,2.2713459051152216,1.1395912348650887,1.6790411363140394,1.6316116679637511
2026-01-11,2.27704478972699,1.138139462994251,1.6800780225728453,1.6323653644997098
2026-01-12,2.359961055506322,1.1213981783182985,1.6983107645559619,1.6466475130853098
2026-01-13,2.322339282560588,1.1257457188481799,1.688065875144098,1.6380566876866673
2026-01-14,2.304998179060045,1.1340520061129067,1.6879910863319025,1.6389844314011892
2026-01-15,2.2883628580639823,1.1539293861254796,1.696693258742514,1.649102246104705
2026-01-16,2.1058606834321525,1.1779272072116476,1.6466784089169595,1.6073111029254654
2026-01-17,2.1209693587231677,1.1887798214198333,1.6601712088651435,1.6206161235466476
2026-01-18,2.1011413168352555,1.2059458856685825,1.664397585558498,1.626327652473165
2026-01-19,2.0498406617454688,1.2014264575068319,1.6409601754696435,1.604808998308978
2026-01-20,2.0088292023759555,1.206428645540209,1.627960813668593,1.5936916204110667
2026-01-21,1.971008045512147,1.213800411833895,1.6176093769739608,1.585192926989319
2026-01-22,1.9571845806150223,1.2075228232408857,1.6077538942219076,1.5756550275451933
2026-01-23,1.9931808536244071,1.1875168488005832,1.6092202321503724,1.5748261924966407
2026-01-24,2.0183948399605627,1.1723946353720909,1.6091524919085862,1.5731154817706605
2026-01-25,2.000099852830197,1.2016053015548211,1.621906039273327,1.5877822340591219
2026-01-26,1.9763024865870622,1.1946776500692826,1.6075818359582719,1.574159954294641
2026-01-27,2.028305103599048,1.1519658468143126,1.599995132473211,1.5627120861834845
2026-01-28,2.079306683832177,1.1638730660183747,1.6283801337067654,1.589483737720202
2026-01-29,2.086297169689129,1.1690219682406648,1.6347193109663147,1.5957409315824906
2026-01-30,2.1053367257398286,1.1809360974779703,1.6505086885360747,1.6112237684239898
2026-01-31,2.1122561047525665,1.1792018180295,1.6520090230932818,1.6123732314425705
2026-02-01,2.0695450196594787,1.2028541672414512,1.6518746583964434,1.6149135666136294
2026-02-02,2.057515894959874,1.2076571738920925,1.6503719144603497,1.6140958191420682
2026-02-03,2.072151848204979,1.2117700054299478,1.659052076850547,1.6223390051699333
2026-02-04,2.0957736976433123,1.2149943908254057,1.670715677471634,1.6331613199407422
2026-02-05,2.108271199376378,1.1869761755025192,1.656433419475613,1.6172502906824044
2026-02-06,2.111311936420896,1.1971420528815584,1.6647212235071918,1.625815856762751
2026-02-07,2.129136488128473,1.188192338332634,1.6655257045048404,1.6255369517591844
2026-02-08,2.138786851422253,1.2044794362698978,1.6807152853113276,1.6409753317279274
2026-02-09,2.132939083375872,1.2129140285965216,1.6843023813257108,1.6451348643635444
2026-02-10,2.123587860116436,1.2169650079718835,1.6834229037532071,1.644798547312869
2026-02-11,2.1328340983413807,1.2198848368453385,1.689107263482294,1.6502202262960894
2026-02-12,2.128336578617632,1.2150733823712327,1.6839952704627277,1.6451013268375507
2026-02-13,2.159641833925107,1.2013995487908073,1.6869046126299407,1.64618657105455
2026-02-14,2.1662637025336826,1.204206700394339,1.6914615798284562,1.6505841364649432
2026-02-15,2.1684563898887195,1.2030002956956198,1.6914703521997176,1.6504559509704093
2026-02-16,2.1588804227606517,1.204827072024416,1.6890198240062784,1.6484677484797379
2026-02-17,2.1459699980918527,1.200516143336427,1.6809478329404235,1.6407524457347695
2026-02-18,2.1065072378952787,1.2017801012389184,1.6663770443522399,1.6278422726686306
2026-02-19,2.0775977645660513,1.2060146826128757,1.657878272295378,1.6206949488740083
2026-02-20,2.051650145489888,1.2009700078087735,1.6440580574435826,1.6077384573608815
2026-02-21,2.042680398189955,1.2086333720318587,1.6457095232782097,1.6100645797125743
2026-02-22,2.0810840190330757,1.1960051343802165,1.6525822045124712,1.6148512417357914
2026-02-23,2.0959568746298416,1.2041422475153198,1.6641091834047639,1.6260922504407223
2026-02-24,2.082672803464607,1.1772582341917097,1.6402589812279416,1.6017174617816294
2026-02-25,2.081235699246719,1.18315012589009,1.6437976172837134,1.6055481606172626
2026-02-26,2.0924695196520284,1.188265417545071,1.6517873938731535,1.613281077480812
2026-02-27,2.058672369034998,1.199904335889026,1.6465372539628562,1.6098752126162728
2026-02-28,2.0667515754798464,1.194727080991641,1.646215974265428,1.6090154679336772
2026-03-01,2.040183764102376,1.1766819951243268,1.6232028591960033,1.586373534285422
2026-03-02,2.0575845263522505,1.168397284958767,1.6244107482920245,1.586538004046214
2026-03-03,2.0827168071303244,1.1625495597656752,1.630266380970393,1.5911333378498946
2026-03-04,2.0903478946423726,1.1733314597265714,1.6408128705503078,1.6017938737556898
2026-03-05,2.1135739689112736,1.1733349494113596,1.649930932356908,1.6099631920631992
2026-03-06,2.0858250333188186,1.1525781873252625,1.6245060625323495,1.5848521230636197
2026-03-07,2.1043312693441636,1.1460044997710574,1.6270800260604539,1.5864130137433068
2026-03-08,2.0957655722762327,1.1322493415902632,1.6140038212128531,1.573146000623571
2026-03-09,2.137158304660227,1.1135812460103443,1.616637093622848,1.573367581974045
2026-03-10,2.1781924636708707,1.1123472394957994,1.6312613498785495,1.586286041811598
2026-03-11,2.165241379900089,1.1011821568644211,1.6182249603394212,1.5733420911554736
2026-03-12,2.1727902719900176,1.0959550293257165,1.6172051264224199,1.5718176925448766
2026-03-13,2.1655604214247526,1.102714206822622,1.6195015059564795,1.5746635291474558
2026-03-14,2.1697405291570617,1.0979561799784732,1.6175706016537192,1.5723815652053268
2026-03-15,2.2069875401090813,1.096719536430046,1.630543727916216,1.5838090854651847
2026-03-16,2.2216388264979807,1.0957360474988478,1.6352248846482453,1.5878651425512877
2026-03-17,2.21596153134237,1.1083778764232555,1.6425685490323478,1.5959166130132463
2026-03-18,2.2624229910358835,1.1027743903935745,1.6556361287481238,1.6069047346044762
2026-03-19,2.2533243619499173,1.1017944407582598,1.6515713330697377,1.6031666728668919
2026-03-20,2.2588194852523986,1.1025420461595195,1.6541454789794494,1.605549300294239
2026-03-21,2.266941218157267,1.1058888707440475,1.6596298959639513,1.6108356081130564
2026-03-22,2.313680968584845,1.0935377989178485,1.6674712523893616,1.6163401961670323
2026-03-23,2.2926638844775153,1.0943659753805537,1.660529158576824,1.6102652954385388
2026-03-24,2.299118070311765,1.0925918040631197,1.6615204617021997,1.6109327366067439
2026-03-25,2.3161172027056907,1.0992280202806628,1.6727088012462348,1.6216929623212355
2026-03-26,2.300966840028528,1.0944875860989114,1.6636311874811531,1.6130408834820975
2026-03-27,2.2754941185015163,1.0969767180628172,1.656314372352734,1.6068320232283329
2026-03-28,2.2931456446597362,1.0858417232592126,1.6543322666279325,1.6037254755416734
2026-03-29,2.3018837347388716,1.0844501590751774,1.6564241467220464,1.6054174429772692
2026-03-30,2.3153232427237636,1.070614757584377,1.6506933292325074,1.5986350049555975
2026-03-31,2.318038839663549,1.076812644055565,1.65643936916035,1.6045033923561913
2026-04-01,2.311056700044171,1.066757551800705,1.6462109239141163,1.5941781423555772
2026-04-02,2.276896084332383,1.0640390428374082,1.6319466966717022,1.5811669716940842
2026-04-03,2.2393955668039247,1.0677206760492817,1.6213309139993426,1.5721777897924407
2026-04-04,2.273753989969557,1.0683942010447023,1.6342801015009962,1.5837829594600548
2026-04-05,2.254044313776771,1.0809604284565097,1.636807881496182,1.5875636369303419
2026-04-06,2.279142817899663,1.0695439235351043,1.6372771791429248,1.5866019476382922
2026-04-07,2.2880051807663486,1.0768497069316936,1.646052337802155,1.59529753508691
2026-04-08,2.2616423764264604,1.0724288490645673,1.6331904629289777,1.5833189577706126
2026-04-09,2.266506988262869,1.0643766785132809,1.6288156115989179,1.5784485905854826
2026-04-10,2.282014202391209,1.0650471260024827,1.6349007012431764,1.5839421714540751
2026-04-11,2.287315904504004,1.0657472130810717,1.637337181661184,1.5861941644366437
2026-04-12,2.3351553662202567,1.0533647926361929,1.644947995543043,1.5914444896652782
2026-04-13,2.3351252350834564,1.050909073707346,1.643019941822973,1.5894273752487755
2026-04-14,2.3753641454559844,1.0240197177909507,1.6361564363741214,1.5799882038891664
2026-04-15,2.3890125423436053,1.0119863307009727,1.631243618282859,1.5741068628060122
2026-04-16,2.363893245698571,1.0179776373587288,1.6274965157313706,1.571555180925222
2026-04-17,2.4057561840659334,1.026706813153042,1.648885348145042,1.5916183267916018
2026-04-18,2.4232008105380896,1.0379370518401594,1.663881399320298,1.6063349409441487
2026-04-19,2.353288720557198,1.0445277717450365,1.645161646031981,1.5905885854004003
2026-04-20,2.364533937510481,1.045024280727609,1.6494833659136134,1.5944853940333112
2026-04-21,2.3355200061166017,1.0431474727776457,1.6378822096574321,1.5839580656105774
2026-04-22,2.3663656438956937,1.0327712201364605,1.6405520558872393,1.5850313696056952
2026-04-23,2.19693684971252,0.9684035615066687,1.5306974711214687,1.4794991978092853
2026-04-24,2.185290694979021,1.0158187951932132,1.5641134995098722,1.5150999665258102
2026-04-25,2.2467042458296165,1.0131396541951638,1.5840291449156017,1.5324756625369904
2026-04-26,2.270770179929954,1.0061416665539993,1.587042310415481,1.534280094272276
2026-04-27,2.281834701483339,1.0186935509113753,1.6008081970267471,1.548068151005831
2026-04-28,2.2723239530598867,1.0235060601975188,1.6012533580634067,1.5490649014982438
2026-04-29,2.290443960279875,1.0389882512699566,1.6197485085014482,1.5674130108006965
2026-04-30,2.307019878258738,1.0373307483666865,1.6243175634001545,1.5712649678789468
2026-05-01,2.3414651960785906,1.0224975066635411,1.6248302157377732,1.5698716166004323
2026-05-02,2.336971697840757,1.0273321078695659,1.6271123963016054,1.5725058668749554
2026-05-03,2.3195569856562455,1.0279662565409005,1.6215521047582762,1.5676541319364026
2026-05-04,2.338953595628385,1.0288791211553496,1.6290519732024145,1.5744227397393533
2026-05-05,2.3559765912709083,1.030990652053999,1.6366517469725752,1.5814292179048006
2026-05-06,2.3090705128312,1.0390208481927223,1.6267331598697352,1.573647124686909
2026-05-07,2.3543412518542928,1.0597306112002407,1.658891731159608,1.6047773762552031
2026-05-08,2.3730057511544085,1.0401371941884072,1.6501316551735237,1.5945592223373048
2026-05-09,2.417310866800329,1.0570754173102634,1.6789718869483785,1.622271691163043
2026-05-10,2.389171709117985,1.0785362023532072,1.6862429696881442,1.631428833181654
2026-05-11,2.4001744893159813,1.0713426380657562,1.6845023640257761,1.6289881546045983
2026-05-12,2.421241433728153,1.0756914336241066,1.6953138849258866,1.6391272228217233
2026-05-13,2.4270256822365686,1.0479014815723806,1.675440108678255,1.618009126395815
2026-05-14,2.418808505690043,1.0440271689633422,1.6695066137969474,1.6122582874182243
2026-05-15,2.3552532101973296,1.0456828342297948,1.6488968797043018,1.5942030435601862
2026-05-16,2.3441770355720837,1.0543509932011395,1.6518539447164944,1.597914022241926
2026-05-17,2.4197293733769216,1.0496406478122946,1.674783545007542,1.6176827500375974
2026-05-18,2.3835809436649726,1.0519534437688087,1.6641188404658975,1.6085223710115073
2026-05-19,2.383515425280569,1.055444810365407,1.6668575216495451,1.611390977400681
2026-05-20,2.3470601508040643,1.070769580252055,1.6662115940254136,1.6127427861721464
2026-05-21,2.291136056819085,1.080805744703638,1.6541695137139054,1.6032896432902726
2026-05-22,2.1834609401360137,1.1075540012458698,1.6357685762392873,1.5901863646156316
2026-05-23,2.1810263487439463,1.1127126896828905,1.6386661079837457,1.593380763127019
2026-05-24,2.187086609467248,1.1323977455553444,1.6554375917464732,1.6106661755946499
2026-05-25,2.1825893161787495,1.1280248490476963,1.6505392180986471,1.6057806667986936
2026-05-26,2.1880816470520115,1.0867861712063045,1.6224454913371857,1.5758677348135253
2026-05-27,2.097309803370217,1.0450657656604163,1.5576503247358884,1.513133416955535
2026-05-28,2.0034408749743826,1.023378402439306,1.5066302851774924,1.4650656247110172
2026-05-29,2.0603978842958144,1.0331493744558597,1.5352392009826192,1.4917473584469265
2026-05-30,2.051543091458015,1.0299691277763172,1.5295773776527826,1.4863207557050864
