day,agg,bh,timed,long_flat
2024-06-02 00:00:00+00:00,0.0003945195833333333,0.008070316587327408,0.0,0.0
2024-06-03 00:00:00+00:00,0.00038687555555555556,0.02820688501494154,0.0,0.0
2024-06-04 00:00:00+00:00,0.0003726097916666667,0.01598949716657063,0.0,0.0
2024-06-05 00:00:00+00:00,0.00039554566666666666,-0.014203727724493334,0.0,-0.0
2024-06-06 00:00:00+00:00,0.00041740133333333334,-0.07018134490947313,0.0,-0.0
2024-06-07 00:00:00+00:00,0.0004263120833333333,-0.03792555297141549,0.0,-0.0
2024-06-08 00:00:00+00:00,0.00038609208333333333,0.019100637366998165,0.0,0.0
2024-06-09 00:00:00+00:00,0.00036273883333333336,-0.03148457215921084,0.0,-0.0
2024-06-10 00:00:00+00:00,0.0003185260833333333,-0.05186512405591412,0.0,-0.0
2024-06-11 00:00:00+00:00,0.00027397850000000003,0.049394183318923014,0.0,0.0
2024-06-12 00:00:00+00:00,0.00023070641666666667,-0.05802287989638638,0.0,-0.0
2024-06-13 00:00:00+00:00,0.00024941458333333335,-0.027819331617642117,0.0,-0.0
2024-06-14 00:00:00+00:00,0.000257018,0.015334491004670341,0.0,0.0
2024-06-15 00:00:00+00:00,0.00024084975000000002,0.011827158695497683,0.0,0.0
2024-06-16 00:00:00+00:00,0.00023170483333333336,-0.07873760602208513,0.0,-0.0
2024-06-17 00:00:00+00:00,0.0002261576666666667,-0.06086203064637071,0.0,-0.0
2024-06-18 00:00:00+00:00,0.00017341808333333334,0.02450180144680999,0.0,0.0
2024-06-19 00:00:00+00:00,0.00013624416666666668,-0.00046587465929964127,0.0,-0.0
2024-06-20 00:00:00+00:00,0.00012367375,-0.004265978758652157,0.0,-0.0
2024-06-21 00:00:00+00:00,0.00011390400000000001,-0.0051126628262893985,-0.0051126628262893985,-0.0051126628262893985
2024-06-22 00:00:00+00:00,0.00010539425,-0.03133523784623202,-0.03133523784623202,-0.03133523784623202
2024-06-23 00:00:00+00:00,0.00012987241666666667,0.025499439598271063,0.025499439598271063,0.025499439598271063
2024-06-24 00:00:00+00:00,0.00014646625,0.02535098054381896,0.02535098054381896,0.02535098054381896
2024-06-25 00:00:00+00:00,0.0001566155,-0.02038727722134379,-0.01928874499976523,-0.02038727722134379
2024-06-26 00:00:00+00:00,0.00016309141666666667,0.025017929060644872,0.02141816431656601,0.025017929060644872
2024-06-27 00:00:00+00:00,0.00016599866666666666,-0.039557827642291175,-0.03176847782960785,-0.039557827642291175
2024-06-28 00:00:00+00:00,0.00019048000000000003,-0.009757617667538247,-0.005501565282899926,-0.009757617667538247
2024-06-29 00:00:00+00:00,0.00020470375000000002,0.04008224231619239,0.016925300308418097,0.04008224231619239
2024-06-30 00:00:00+00:00,0.00020758741666666665,-0.010350767700951374,-0.004008416309500868,-0.010350767700951374
2024-07-01 00:00:00+00:00,0.00021145416666666669,0.004365961642497207,0.0015004447977674399,0.004365961642497207
2024-07-02 00:00:00+00:00,0.00022339758333333334,-0.06152026323417843,-0.013735751439818726,-0.06152026323417843
2024-07-03 00:00:00+00:00,0.0002254014166666667,-0.10354415635887916,-0.02072466839629534,-0.10354415635887916
2024-07-04 00:00:00+00:00,0.00022179100000000002,-0.02521913891909038,-0.005872276534001675,-0.02521913891909038
2024-07-05 00:00:00+00:00,0.0001474259166666667,0.08409337701011674,0.08117255407613164,0.08409337701011674
2024-07-06 00:00:00+00:00,0.00010359991666666668,-0.0668390396849915,-0.0668390396849915,-0.0668390396849915
2024-07-07 00:00:00+00:00,7.749725000000001e-05,0.0415780182220464,0.0415780182220464,0.0415780182220464
2024-07-08 00:00:00+00:00,3.539841666666667e-05,0.03221800686133923,0.03221800686133923,0.03221800686133923
2024-07-09 00:00:00+00:00,5.168416666666672e-06,0.01341274494096703,0.01341274494096703,0.01341274494096703
2024-07-10 00:00:00+00:00,7.406441666666667e-05,-0.02357031660572413,-0.02357031660572413,-0.02357031660572413
2024-07-11 00:00:00+00:00,0.00011045266666666667,0.02342195263681962,0.02225952526579355,0.02342195263681962
2024-07-12 00:00:00+00:00,0.00012591966666666667,0.014474572801556597,0.011498030711049401,0.014474572801556597
2024-07-13 00:00:00+00:00,0.00015269950000000002,0.03582905177243731,0.01944603541630153,0.03582905177243731
2024-07-14 00:00:00+00:00,0.0001758216666666667,0.08252228249938762,0.026965021720412916,0.08252228249938762
2024-07-15 00:00:00+00:00,0.00016056008333333334,0.004220017940649901,0.0019481918617572371,0.004220017940649901
2024-07-16 00:00:00+00:00,0.00014557225,-0.006025135506300504,-0.003571072551298888,-0.006025135506300504
2024-07-17 00:00:00+00:00,0.00013499241666666668,-0.008241279116371476,-0.005614532525079539,-0.008241279116371476
2024-07-18 00:00:00+00:00,0.00013064025,0.04103666547708459,0.029172938011642908,0.04103666547708459
2024-07-19 00:00:00+00:00,0.00013264108333333336,0.008521813486735745,0.00580590746899597,0.008521813486735745
2024-07-20 00:00:00+00:00,0.00014300658333333334,0.016240831234607137,0.009325292183591976,0.016240831234607137
2024-07-21 00:00:00+00:00,0.00014335208333333334,-0.05041584889365072,-0.028402585417977817,-0.05041584889365072
2024-07-22 00:00:00+00:00,0.00015373075,-0.023305464261661194,-0.01065414875983817,-0.023305464261661194
2024-07-23 00:00:00+00:00,0.00014537150000000002,-0.021179965458810523,-0.011275048339305593,-0.021179965458810523
2024-07-24 00:00:00+00:00,0.0001346111666666667,-0.025353445500502208,-0.015972750251269395,-0.025353445500502208
2024-07-25 00:00:00+00:00,0.000123203,0.05572726642064149,0.040820856366668594,0.05572726642064149
2024-07-26 00:00:00+00:00,0.00011450416666666667,0.00042518680599593046,0.0003430339761464631,0.00042518680599593046
2024-07-27 00:00:00+00:00,0.00011182691666666667,-0.02036862821291137,-0.01672296049875974,-0.02036862821291137
2024-07-28 00:00:00+00:00,0.00012004716666666667,-0.003525220683929736,-0.00256895437779222,-0.003525220683929736
2024-07-29 00:00:00+00:00,0.000125359,-0.021513124032457875,-0.014347017094461097,-0.021513124032457875
2024-07-30 00:00:00+00:00,0.00014473541666666667,-0.024268082681881294,-0.011313890206038076,-0.024268082681881294
2024-07-31 00:00:00+00:00,0.00015045491666666668,-0.01440016252333334,-0.005818688483252326,-0.01440016252333334
2024-08-01 00:00:00+00:00,0.00012680208333333334,-0.07859510253142964,-0.04895277854340418,-0.07859510253142964
2024-08-02 00:00:00+00:00,0.00010156575,-0.055032178968536946,-0.04788143912048172,-0.055032178968536946
2024-08-03 00:00:00+00:00,8.541266666666668e-05,-0.055188962764737476,-0.055188962764737476,-0.055188962764737476
2024-08-04 00:00:00+00:00,2.9703e-05,-0.0852681346756922,-0.0852681346756922,-0.0852681346756922
2024-08-05 00:00:00+00:00,-2.9031583333333335e-05,0.06847726280498505,0.06847726280498505,0.06847726280498505
2024-08-06 00:00:00+00:00,-0.00010065708333333334,-0.03313727239809515,-0.03313727239809515,-0.03313727239809515
2024-08-07 00:00:00+00:00,-0.00015364291666666665,0.1366701562882153,0.1366701562882153,0.1366701562882153
2024-08-08 00:00:00+00:00,-0.00018658399999999997,-0.019751715963716037,-0.019751715963716037,-0.019751715963716037
2024-08-09 00:00:00+00:00,-0.00017356766666666665,0.012225758584191148,0.012225758584191148,0.012225758584191148
2024-08-10 00:00:00+00:00,-0.00014715800000000002,-0.06562730423509822,-0.06562730423509822,-0.06562730423509822
2024-08-11 00:00:00+00:00,-0.00011905708333333334,0.06818521690740956,0.06818521690740956,0.06818521690740956
2024-08-12 00:00:00+00:00,-7.273908333333334e-05,0.010278861547127843,0.010278861547127843,0.010278861547127843
2024-08-13 00:00:00+00:00,-6.396108333333332e-05,-0.023188426423513243,-0.023188426423513243,-0.023188426423513243
2024-08-14 00:00:00+00:00,-5.228175e-05,-0.03431330219972095,-0.03431330219972095,-0.03431330219972095
2024-08-15 00:00:00+00:00,-1.827983333333333e-05,-0.0037124874297963773,-0.0037124874297963773,-0.0037124874297963773
2024-08-16 00:00:00+00:00,-9.922916666666661e-06,0.016970956740113445,0.016184261579864863,0.016970956740113445
2024-08-17 00:00:00+00:00,-1.5995833333333283e-06,-0.005122427721430292,-0.00433520636393881,-0.005122427721430292
2024-08-18 00:00:00+00:00,9.036583333333338e-06,0.018724953802055803,0.013547523120617883,0.018724953802055803
2024-08-19 00:00:00+00:00,-3.1731666666666653e-06,0.009699648355293682,0.007906160738225908,0.009699648355293682
2024-08-20 00:00:00+00:00,-6.771416666666665e-06,0.0369062960308338,0.030474037545288424,0.0369062960308338
2024-08-21 00:00:00+00:00,3.273308333333334e-05,0.017156158471567717,0.007620991196331291,0.017156158471567717
2024-08-22 00:00:00+00:00,4.970658333333333e-05,0.08715636309082818,0.023833479529359766,0.08715636309082818
2024-08-23 00:00:00+00:00,6.996300000000001e-05,0.017696839479812366,0.001278879421819283,0.017696839479812366
2024-08-24 00:00:00+00:00,8.862375e-05,-0.022820425197534296,0.0026032542177000335,-0.0
2024-08-25 00:00:00+00:00,8.628550000000001e-05,-0.054908128611890206,0.005748296627150914,-0.0
2024-08-26 00:00:00+00:00,9.904716666666668e-05,-0.059411573533843125,0.014123483325343038,-0.0
2024-08-27 00:00:00+00:00,9.090916666666667e-05,-0.016078601652304122,0.002858126557760306,-0.0
2024-08-28 00:00:00+00:00,4.901058333333334e-05,-0.004453999751910483,-0.0009086125021836502,-0.004453999751910483
2024-08-29 00:00:00+00:00,1.910925e-05,0.00031056483986258263,0.00014663216718914044,0.00031056483986258263
2024-08-30 00:00:00+00:00,1.1243833333333336e-05,-0.019422027544668805,-0.010200643881005167,-0.019422027544668805
2024-08-31 00:00:00+00:00,2.862249999999999e-06,-0.050273201446894525,-0.02936614532727939,-0.050273201446894525
2024-09-01 00:00:00+00:00,-1.380108333333333e-05,0.05540196945936532,0.04041670775927985,0.05540196945936532
2024-09-02 00:00:00+00:00,-1.5184083333333334e-05,-0.05023124652170277,-0.036091302150213604,-0.05023124652170277
2024-09-03 00:00:00+00:00,6.83458333333333e-06,0.029017967564320117,0.013362746397435423,0.029017967564320117
2024-09-04 00:00:00+00:00,-4.2177499999999996e-06,-0.029591042169809696,-0.016590572446766472,-0.029591042169809696
2024-09-05 00:00:00+00:00,-1.3838583333333337e-05,-0.027542552552873883,-0.01780485293748597,-0.027542552552873883
2024-09-06 00:00:00+00:00,8.483333333333696e-08,0.021166102237518084,0.010351191288899306,0.021166102237518084
2024-09-07 00:00:00+00:00,1.8274666666666666e-05,0.02752560390597142,0.00814587557456764,0.02752560390597142
2024-09-08 00:00:00+00:00,3.942208333333334e-05,0.04696262483837714,0.00291311571245656,0.04696262483837714
2024-09-09 00:00:00+00:00,6.124766666666667e-05,0.011144312317107037,-0.002036711744711862,0.0
2024-09-10 00:00:00+00:00,6.894908333333334e-05,-0.0207471602043901,0.0057688227273976584,-0.0
2024-09-11 00:00:00+00:00,6.469158333333333e-05,0.030423990906362587,-0.007624701602412168,0.0
2024-09-12 00:00:00+00:00,7.028741666666666e-05,0.022223491042503294,-0.007504841371630953,0.0
2024-09-13 00:00:00+00:00,5.7294083333333334e-05,-0.01126633119064057,0.0024174014851207114,-0.0
2024-09-14 00:00:00+00:00,2.0326333333333342e-05,-0.035767804465707556,-0.006623274479310236,-0.035767804465707556
2024-09-15 00:00:00+00:00,1.2699166666666667e-05,-0.020073210807719073,-0.005065690183853265,-0.020073210807719073
2024-09-16 00:00:00+00:00,4.710833333333363e-07,0.034544652169475366,0.012896142865513185,0.034544652169475366
2024-09-17 00:00:00+00:00,-2.501916666666664e-06,0.038444944421881566,0.014839852118553161,0.038444944421881566
2024-09-18 00:00:00+00:00,-2.380175e-05,0.038327680485485786,0.023542175663883252,0.038327680485485786
2024-09-19 00:00:00+00:00,1.9255333333333335e-05,0.025051501265206787,0.0017856183858802265,0.025051501265206787
2024-09-20 00:00:00+00:00,5.148166666666667e-05,0.02576966073551253,-0.009077604329526038,0.0
2024-09-21 00:00:00+00:00,0.00010068725000000001,-0.028135888520746978,0.027849381378627622,-0.0
2024-09-22 00:00:00+00:00,0.00013422608333333336,0.03541711696782715,-0.03541711696782715,0.0
2024-09-23 00:00:00+00:00,0.00017447833333333334,0.035063619846884754,-0.035063619846884754,0.0
2024-09-24 00:00:00+00:00,0.00018381575,-0.009932739388945521,0.009932739388945521,-0.0
2024-09-25 00:00:00+00:00,0.00017194525,0.0529744530102113,-0.0529744530102113,0.0
2024-09-26 00:00:00+00:00,0.0001662893333333333,0.0311504048998747,-0.0311504048998747,0.0
2024-09-27 00:00:00+00:00,0.0001830094166666667,-0.015619041189178269,0.015619041189178269,-0.0
2024-09-28 00:00:00+00:00,0.00020543633333333332,0.005296839087756679,-0.005296839087756679,0.0
2024-09-29 00:00:00+00:00,0.00022060108333333335,-0.055085409237540676,0.055085409237540676,-0.0
2024-09-30 00:00:00+00:00,0.00023795541666666667,-0.07444071111665881,0.07444071111665881,-0.0
2024-10-01 00:00:00+00:00,0.00023127466666666668,-0.024265377261904524,0.024265377261904524,-0.0
2024-10-02 00:00:00+00:00,0.00019366041666666668,-0.016460601548299605,0.016460601548299605,-0.0
2024-10-03 00:00:00+00:00,0.00013922616666666669,0.05040634507268394,-0.05040634507268394,0.0
2024-10-04 00:00:00+00:00,7.9813e-05,-0.007667357205072542,0.003168610094771638,-0.0
2024-10-05 00:00:00+00:00,4.153250000000001e-05,0.0329301684487376,-5.785903480353151e-05,0.0
2024-10-06 00:00:00+00:00,3.042016666666668e-05,-0.011984698798831295,-0.001792995490267096,-0.011984698798831295
2024-10-07 00:00:00+00:00,4.405758333333334e-05,-0.01338510342503621,-0.0006369715364780537,-0.01338510342503621
2024-10-08 00:00:00+00:00,8.443300000000001e-05,-0.031072914702617336,0.011816683088283384,-0.0
2024-10-09 00:00:00+00:00,0.00012172658333333334,0.006335314835016809,-0.005120229908551224,0.0
2024-10-10 00:00:00+00:00,0.0001395195,0.04837225073977227,-0.04837225073977227,0.0
2024-10-11 00:00:00+00:00,0.0001352245,0.017549125879193737,-0.016292547909565126,0.0
2024-10-12 00:00:00+00:00,0.00015479683333333334,-0.004548745360880645,0.004548745360880645,-0.0
2024-10-13 00:00:00+00:00,0.0001577649166666667,0.06487473460014898,-0.06487473460014898,0.0
2024-10-14 00:00:00+00:00,0.0001747696666666667,-0.015401375800768223,0.015401375800768223,-0.0
2024-10-15 00:00:00+00:00,0.00019538775000000003,-0.019175189105275835,0.019175189105275835,-0.0
2024-10-16 00:00:00+00:00,0.00022126416666666667,-0.025465606420779725,0.025465606420779725,-0.0
2024-10-17 00:00:00+00:00,0.0002259786666666667,0.03613197729516051,-0.03613197729516051,0.0
2024-10-18 00:00:00+00:00,0.00022171108333333335,0.0036483587618015454,-0.0036483587618015454,0.0
2024-10-19 00:00:00+00:00,0.00020855933333333335,0.04893489524195752,-0.04893489524195752,0.0
2024-10-20 00:00:00+00:00,0.000202788,-0.03942981420861448,0.03942981420861448,-0.0
2024-10-21 00:00:00+00:00,0.0002095656666666667,-0.004209039962913198,0.004209039962913198,-0.0
2024-10-22 00:00:00+00:00,0.00021616175000000002,-0.02919237482176685,0.02919237482176685,-0.0
2024-10-23 00:00:00+00:00,0.000231338,0.01437084254704389,-0.01437084254704389,0.0
2024-10-24 00:00:00+00:00,0.0002509354166666667,-0.0884146301615045,0.0884146301615045,-0.0
2024-10-25 00:00:00+00:00,0.00026069408333333335,0.015438329294748912,-0.015438329294748912,0.0
2024-10-26 00:00:00+00:00,0.00021840525000000002,0.018737320385257186,-0.018737320385257186,0.0
2024-10-27 00:00:00+00:00,0.00018219625,0.009115606877531499,-0.006985183245556051,0.0
2024-10-28 00:00:00+00:00,0.00015856116666666668,0.04405113439787939,-0.0211823572215811,0.0
2024-10-29 00:00:00+00:00,0.00016274758333333336,-0.012192872605714508,0.006150211919433771,-0.0
2024-10-30 00:00:00+00:00,0.00017233633333333333,-0.04986094404237011,0.029320355670567677,-0.0
2024-10-31 00:00:00+00:00,0.00021718725000000004,-0.01556072211267868,0.01556072211267868,-0.0
2024-11-01 00:00:00+00:00,0.00023813283333333336,-0.02026606843058731,0.02026606843058731,-0.0
2024-11-02 00:00:00+00:00,0.0002466591666666667,-0.037194187242692155,0.037194187242692155,-0.0
2024-11-03 00:00:00+00:00,0.00020629416666666667,-0.02849359847792926,0.023677154657290162,-0.0
2024-11-04 00:00:00+00:00,0.00015384225,0.04965963525235715,-0.008784415304820298,0.0
2024-11-05 00:00:00+00:00,0.00011861533333333335,0.12979457649953824,0.03721605415210018,0.12979457649953824
2024-11-06 00:00:00+00:00,0.00012373775000000002,0.0202885211235222,0.00506150096698254,0.0202885211235222
2024-11-07 00:00:00+00:00,0.00013417816666666668,0.00560497558922373,0.0007721223559323862,0.00560497558922373
2024-11-08 00:00:00+00:00,0.00016783333333333334,0.052226217541594636,-0.01466345819592389,0.0
2024-11-09 00:00:00+00:00,0.00020241633333333337,0.056456100468360304,-0.04009990942939612,0.0
2024-11-10 00:00:00+00:00,0.0002863936666666667,0.07549691599229656,-0.07549691599229656,0.0
2024-11-11 00:00:00+00:00,0.00033222383333333336,-0.04034675768235211,0.04034675768235211,-0.0
2024-11-12 00:00:00+00:00,0.0004899275000000001,-0.012270192485049113,0.012270192485049113,-0.0
2024-11-13 00:00:00+00:00,0.0005309203333333333,-0.039575223174652806,0.039575223174652806,-0.0
2024-11-14 00:00:00+00:00,0.0005605294166666667,0.06551392911833183,-0.06551392911833183,0.0
2024-11-15 00:00:00+00:00,0.0005174973333333333,0.07842123333823862,-0.07842123333823862,0.0
2024-11-16 00:00:00+00:00,0.0004997951666666666,-0.03590444913447274,0.03590444913447274,-0.0
2024-11-17 00:00:00+00:00,0.0003752686666666667,0.07032815011985018,-0.07032815011985018,0.0
2024-11-18 00:00:00+00:00,0.00037954475,-0.029959244351540123,0.029959244351540123,-0.0
2024-11-19 00:00:00+00:00,0.000401109,-0.04126691743472754,0.04126691743472754,-0.0
2024-11-20 00:00:00+00:00,0.0004068191666666667,0.06928780925149824,-0.06928780925149824,0.0
2024-11-21 00:00:00+00:00,0.00039436133333333335,0.05131724050752488,-0.05131724050752488,0.0
2024-11-22 00:00:00+00:00,0.00043106766666666673,0.07786837871242872,-0.07786837871242872,0.0
2024-11-23 00:00:00+00:00,0.00048680483333333335,0.050937339126609756,-0.050937339126609756,0.0
2024-11-24 00:00:00+00:00,0.0005186080833333333,-0.03507990381627173,0.03507990381627173,-0.0
2024-11-25 00:00:00+00:00,0.0005549394166666667,-0.014652444552236561,0.014652444552236561,-0.0
2024-11-26 00:00:00+00:00,0.0005805365,0.06993340876281881,-0.06993340876281881,0.0
2024-11-27 00:00:00+00:00,0.0005462941666666667,0.0019059148782774387,-0.0019059148782774387,0.0
2024-11-28 00:00:00+00:00,0.0004897615000000001,0.04327247484785183,-0.04327247484785183,0.0
2024-11-29 00:00:00+00:00,0.0004712845833333334,0.04233602425187634,-0.04233602425187634,0.0
2024-11-30 00:00:00+00:00,0.000484399,0.023929814579477956,-0.023929814579477956,0.0
2024-12-01 00:00:00+00:00,0.0005109545833333333,0.036610203716399614,-0.036610203716399614,0.0
2024-12-02 00:00:00+00:00,0.0005921905,0.0630358779179473,-0.0630358779179473,0.0
2024-12-03 00:00:00+00:00,0.0006989285833333333,0.02505641085100855,-0.02505641085100855,0.0
2024-12-04 00:00:00+00:00,0.00080051875,-0.006744476490867567,0.006744476490867567,-0.0
2024-12-05 00:00:00+00:00,0.0009536575,0.05522574408331141,-0.05522574408331141,0.0
2024-12-06 00:00:00+00:00,0.0010279390833333334,0.0015911318764206923,-0.0015911318764206923,0.0
2024-12-07 00:00:00+00:00,0.0010775978333333333,0.006834260793015153,-0.006834260793015153,0.0
2024-12-08 00:00:00+00:00,0.0010489610833333332,-0.1649569800803774,0.1649569800803774,-0.0
2024-12-09 00:00:00+00:00,0.0009582910833333333,-0.019110659198348003,0.019110659198348003,-0.0
2024-12-10 00:00:00+00:00,0.0007441393333333333,0.07910781347462387,-0.07910781347462387,0.0
2024-12-11 00:00:00+00:00,0.0006124060833333334,0.015359014243690426,-0.012647684389056432,0.0
2024-12-12 00:00:00+00:00,0.00045520533333333335,0.005968425445315191,-0.0010982079310900572,0.0
2024-12-13 00:00:00+00:00,0.0003431399166666667,-0.041390386033164486,-0.011404676793853992,-0.041390386033164486
2024-12-14 00:00:00+00:00,0.000279964,0.03553311439830895,0.019074162056139633,0.03553311439830895
2024-12-15 00:00:00+00:00,0.00027562050000000003,-0.02915019255241547,-0.01630448587961768,-0.02915019255241547
2024-12-16 00:00:00+00:00,0.00027735791666666667,-0.04119292077263498,-0.02294688965115718,-0.04119292077263498
2024-12-17 00:00:00+00:00,0.00027852258333333337,-0.0959749620492002,-0.05351888014786325,-0.0959749620492002
2024-12-18 00:00:00+00:00,0.0002683411666666667,-0.08792867321296378,-0.05317837653444792,-0.08792867321296378
2024-12-19 00:00:00+00:00,0.0002308656666666667,0.041419930875489654,0.03149650292497894,0.041419930875489654
2024-12-20 00:00:00+00:00,0.00018655408333333333,-0.04964164266314511,-0.04657153235106696,-0.04964164266314511
2024-12-21 00:00:00+00:00,0.00016688108333333333,-0.003122701999856341,-0.003122701999856341,-0.003122701999856341
2024-12-22 00:00:00+00:00,0.00014193916666666668,0.06988903178363284,0.06988903178363284,0.06988903178363284
2024-12-23 00:00:00+00:00,0.0001293231666666667,0.03388631132712167,0.03388631132712167,0.03388631132712167
2024-12-24 00:00:00+00:00,0.00014939841666666669,-0.017563115740905313,-0.017563115740905313,-0.017563115740905313
2024-12-25 00:00:00+00:00,0.00018272108333333334,-0.06441135251866975,-0.05821201252719871,-0.06441135251866975
2024-12-26 00:00:00+00:00,0.00018477066666666668,0.011436147285510777,0.010245904836588002,0.011436147285510777
2024-12-27 00:00:00+00:00,0.0001825535,0.031404410181293,0.02850637568966912,0.031404410181293
2024-12-28 00:00:00+00:00,0.0001787904166666667,-0.04036796980105228,-0.03732875563177437,-0.04036796980105228
2024-12-29 00:00:00+00:00,0.00019078075000000002,-0.0024432327014779157,-0.0021480391448925247,-0.0024432327014779157
2024-12-30 00:00:00+00:00,0.00018984750000000002,-0.01194101454446391,-0.010504981400466294,-0.01194101454446391
2024-12-31 00:00:00+00:00,0.00019944016666666666,0.04322333324150203,0.036191359183667914,0.04322333324150203
2025-01-01 00:00:00+00:00,0.00021206866666666668,0.03286891979200041,0.025753786559291614,0.03286891979200041
2025-01-02 00:00:00+00:00,0.00023457333333333334,0.06871225380974236,0.0479006246378741,0.06871225380974236
2025-01-03 00:00:00+00:00,0.00023684058333333334,-0.0008946530568427641,-0.0006235270901918679,-0.0008946530568427641
2025-01-04 00:00:00+00:00,0.00025241975,-0.001506964509533919,-0.0009780312124022582,-0.001506964509533919
2025-01-05 00:00:00+00:00,0.00025831433333333337,0.010885216792905003,0.006962406080313936,0.010885216792905003
2025-01-06 00:00:00+00:00,0.00026577525,-0.10442288271539207,-0.06507948956788617,-0.10442288271539207
2025-01-07 00:00:00+00:00,0.00026367875000000003,-0.03884030977781343,-0.02493158426875617,-0.03884030977781343
2025-01-08 00:00:00+00:00,0.00023179558333333338,-0.03306321292738954,-0.025670912500335902,-0.03306321292738954
2025-01-09 00:00:00+00:00,0.00019526525000000003,0.027807040599028592,0.02548319106425826,0.027807040599028592
2025-01-10 00:00:00+00:00,0.00016445625,0.004964694378203194,0.004964694378203194,0.004964694378203194
2025-01-11 00:00:00+00:00,0.00015254558333333335,-0.022173123094283417,-0.022173123094283417,-0.022173123094283417
2025-01-12 00:00:00+00:00,0.00013181858333333334,-0.03548737731575516,-0.03548737731575516,-0.03548737731575516
2025-01-13 00:00:00+00:00,0.00010587416666666668,0.037721878673834384,0.037721878673834384,0.037721878673834384
2025-01-14 00:00:00+00:00,0.00010649375000000002,0.0779207444048285,0.0779207444048285,0.0779207444048285
2025-01-15 00:00:00+00:00,0.00012167225000000001,-0.0180779299080352,-0.0180779299080352,-0.0180779299080352
2025-01-16 00:00:00+00:00,0.00013183533333333336,0.06841215616938728,0.06545915015813665,0.06841215616938728
2025-01-17 00:00:00+00:00,0.00015229841666666668,-0.05799980747496788,-0.04972895819342704,-0.05799980747496788
2025-01-18 00:00:00+00:00,0.0002069515,-0.09139600512461477,-0.05779996717933449,-0.09139600512461477
2025-01-19 00:00:00+00:00,0.00024402950000000003,0.003207983170334137,0.0015362166215721262,0.003207983170334137
2025-01-20 00:00:00+00:00,0.0002528835833333334,0.03169529885458013,0.013795618581779698,0.03169529885458013
2025-01-21 00:00:00+00:00,0.00025149858333333336,-0.029627757479432915,-0.012700039601688556,-0.029627757479432915
2025-01-22 00:00:00+00:00,0.00025539350000000003,-0.003996920638043383,-0.0015957988350615623,-0.003996920638043383
2025-01-23 00:00:00+00:00,0.00025829708333333334,-0.020255544007531722,-0.007541518423578182,-0.020255544007531722
2025-01-24 00:00:00+00:00,0.00025732958333333334,0.011891652055476007,0.004262443371856858,0.011891652055476007
2025-01-25 00:00:00+00:00,0.00024699000000000005,-0.028192056295655632,-0.010682325024019798,-0.028192056295655632
2025-01-26 00:00:00+00:00,0.00024202225000000003,-0.021221342007590654,-0.008064736727590735,-0.021221342007590654
2025-01-27 00:00:00+00:00,0.00018708933333333336,-0.07009956892488252,-0.04021642489069295,-0.07009956892488252
2025-01-28 00:00:00+00:00,0.00017051883333333334,0.03589900292166536,0.02218635875486344,0.03589900292166536
2025-01-29 00:00:00+00:00,0.00014670025000000002,0.053837686911268855,0.037034115616201645,0.053837686911268855
2025-01-30 00:00:00+00:00,0.00015126275,0.007697340758740108,0.004984539247970174,0.007697340758740108
2025-01-31 00:00:00+00:00,0.00015995366666666667,-0.09391936521304856,-0.05540625931081132,-0.09391936521304856
2025-02-01 00:00:00+00:00,0.000206521,-0.12257768779137755,-0.046978375754776994,-0.12257768779137755
2025-02-02 00:00:00+00:00,0.00017853591666666668,0.03262309612887916,0.015287462693136732,0.03262309612887916
2025-02-03 00:00:00+00:00,6.430233333333336e-05,-0.07209208459253484,-0.06721067151497917,-0.07209208459253484
2025-02-04 00:00:00+00:00,-2.9686583333333314e-05,-0.023440915056312316,-0.023440915056312316,-0.023440915056312316
2025-02-05 00:00:00+00:00,-8.635674999999998e-05,-0.050809509443793734,-0.050809509443793734,-0.050809509443793734
2025-02-06 00:00:00+00:00,-0.00015165808333333333,0.00476797470700897,0.00476797470700897,0.00476797470700897
2025-02-07 00:00:00+00:00,-0.00018257449999999997,0.03722002662068234,0.03722002662068234,0.03722002662068234
2025-02-08 00:00:00+00:00,-0.00010842841666666665,-0.006467727963199972,-0.006467727963199972,-0.006467727963199972
2025-02-09 00:00:00+00:00,-5.749308333333333e-05,0.029814943943913673,0.029814943943913673,0.029814943943913673
2025-02-10 00:00:00+00:00,-3.761058333333332e-05,-0.010844171747143376,-0.010844171747143376,-0.010844171747143376
2025-02-11 00:00:00+00:00,-9.950583333333324e-06,0.05282177279418086,0.05282177279418086,0.05282177279418086
2025-02-12 00:00:00+00:00,1.1447500000000056e-06,-0.026131915070629248,-0.026131915070629248,-0.026131915070629248
2025-02-13 00:00:00+00:00,2.5861166666666676e-05,0.03351032100143939,0.03351032100143939,0.03351032100143939
2025-02-14 00:00:00+00:00,3.662058333333334e-05,-0.028009666305414044,-0.028009666305414044,-0.028009666305414044
2025-02-15 00:00:00+00:00,2.3935083333333337e-05,-0.012935917546857042,-0.012935917546857042,-0.012935917546857042
2025-02-16 00:00:00+00:00,-1.142049999999999e-05,0.0005058328758582618,0.0005058328758582618,0.0005058328758582618
2025-02-17 00:00:00+00:00,-7.299166666666556e-07,-0.04160099473945209,-0.04160099473945209,-0.04160099473945209
2025-02-18 00:00:00+00:00,-3.159508333333332e-05,0.017062273926911727,0.017062273926911727,0.017062273926911727
2025-02-19 00:00:00+00:00,-3.9449749999999986e-05,0.04167826253506497,0.04167826253506497,0.04167826253506497
2025-02-20 00:00:00+00:00,-2.732558333333332e-05,-0.03536060266551743,-0.03536060266551743,-0.03536060266551743
2025-02-21 00:00:00+00:00,2.3345083333333348e-05,0.03742989713221631,0.03178247552676583,0.03742989713221631
2025-02-22 00:00:00+00:00,1.197850000000002e-05,-0.012193541692270595,-0.011201020370392865,-0.012193541692270595
2025-02-23 00:00:00+00:00,4.810166666666668e-05,-0.12248675382515707,-0.07341972568986462,-0.12248675382515707
2025-02-24 00:00:00+00:00,2.5663916666666684e-05,0.026804187407930124,0.020414573962989433,0.026804187407930124
2025-02-25 00:00:00+00:00,-4.114499999999985e-06,0.004046405650649345,0.003951819106889846,0.004046405650649345
2025-02-26 00:00:00+00:00,-3.957899999999999e-05,0.0026608316542010525,0.0026608316542010525,0.0026608316542010525
2025-02-27 00:00:00+00:00,1.2158833333333343e-05,-0.0010185379086090597,-0.0007930935657936,-0.0010185379086090597
2025-02-28 00:00:00+00:00,-8.33691666666666e-06,-0.010847103143393873,-0.009927606752139748,-0.010847103143393873
2025-03-01 00:00:00+00:00,3.910633333333334e-05,0.11688147746178267,0.05970185471053829,0.11688147746178267
2025-03-02 00:00:00+00:00,6.9837e-05,-0.1557404965667006,-0.037921392280703924,-0.1557404965667006
2025-03-03 00:00:00+00:00,9.986258333333334e-05,-0.015008560150965041,0.00030810348462039384,-0.0
2025-03-04 00:00:00+00:00,1.2304333333333344e-05,0.038308687434513544,0.025937674029805704,0.038308687434513544
2025-03-05 00:00:00+00:00,-1.1432333333333329e-05,-0.024027451709433524,-0.02032041125413994,-0.024027451709433524
2025-03-06 00:00:00+00:00,-3.745816666666666e-05,-0.018691383880765067,-0.018691383880765067,-0.018691383880765067
2025-03-07 00:00:00+00:00,-4.9168916666666666e-05,-0.017600442402412535,-0.017600442402412535,-0.017600442402412535
2025-03-08 00:00:00+00:00,-6.0482916666666667e-05,-0.10254543770355808,-0.10254543770355808,-0.10254543770355808
2025-03-09 00:00:00+00:00,-2.3537249999999992e-05,-0.05339986873227998,-0.04337993413158427,-0.05339986873227998
2025-03-10 00:00:00+00:00,-4.2221416666666665e-05,0.0508825965366744,0.04801908766270138,0.0508825965366744
2025-03-11 00:00:00+00:00,-6.786091666666666e-05,0.02498091606502692,0.02498091606502692,0.02498091606502692
2025-03-12 00:00:00+00:00,-8.98195e-05,-0.02379675762345128,-0.02379675762345128,-0.02379675762345128
2025-03-13 00:00:00+00:00,-9.0879e-05,0.038061162649914874,0.038061162649914874,0.038061162649914874
2025-03-14 00:00:00+00:00,-7.9407e-05,0.03132017474929724,0.03132017474929724,0.03132017474929724
2025-03-15 00:00:00+00:00,-6.03675e-05,-0.046218394648462315,-0.04227128899155171,-0.046218394648462315
2025-03-16 00:00:00+00:00,-6.827541666666664e-05,0.0464872597275907,0.0441795586597574,0.0464872597275907
2025-03-17 00:00:00+00:00,-5.487266666666666e-05,-0.0075452442408835,-0.006116787676702627,-0.0075452442408835
2025-03-18 00:00:00+00:00,-5.945841666666666e-05,0.044761212784629134,0.036744744725793706,0.044761212784629134
2025-03-19 00:00:00+00:00,-3.934741666666665e-05,-0.02768647287046186,-0.017334973853162194,-0.02768647287046186
2025-03-20 00:00:00+00:00,4.736083333333347e-06,-0.017457486126206696,-0.0038776634523865765,-0.017457486126206696
2025-03-21 00:00:00+00:00,3.624891666666668e-05,0.020854081469772492,-0.0018568688135728471,0.0
2025-03-22 00:00:00+00:00,3.233241666666668e-05,0.012437436594136415,-0.0011185800183060241,0.0
2025-03-23 00:00:00+00:00,3.4042083333333334e-05,0.042231694286518566,-0.006207990390062053,0.0
2025-03-24 00:00:00+00:00,3.706083333333335e-05,0.0077588738053637465,-0.0017365858064952487,0.0
2025-03-25 00:00:00+00:00,4.6551166666666676e-05,-0.013389573062363266,0.005072100709543518,-0.0
2025-03-26 00:00:00+00:00,6.725950000000001e-05,0.002708331556380463,-0.0018281208549907274,0.0
2025-03-27 00:00:00+00:00,9.084516666666668e-05,-0.07521032709030562,0.07521032709030562,-0.0
2025-03-28 00:00:00+00:00,7.102791666666667e-05,-0.05704315562901556,0.04833381238640876,-0.0
2025-03-29 00:00:00+00:00,2.6281000000000005e-05,-0.0009390592033545604,0.0003012171987625596,-0.0
2025-03-30 00:00:00+00:00,-5.3076749999999996e-05,-0.009646894493541136,-0.006802545391154994,-0.009646894493541136
2025-03-31 00:00:00+00:00,-9.385933333333333e-05,0.02375002931809561,0.02375002931809561,0.02375002931809561
2025-04-01 00:00:00+00:00,-0.00010377349999999999,-0.07159276874618926,-0.07159276874618926,-0.07159276874618926
2025-04-02 00:00:00+00:00,-7.748925e-05,0.011584582112334957,0.011435742432570624,0.011584582112334957
2025-04-03 00:00:00+00:00,-6.628758333333334e-05,0.004173104844535224,0.003380411751891071,0.004173104844535224
2025-04-04 00:00:00+00:00,-1.615016666666667e-05,-0.013402103810657066,0.0008729691776184141,-0.0
2025-04-05 00:00:00+00:00,3.000408333333334e-05,-0.11031164999208726,0.09270155266972947,-0.0
2025-04-06 00:00:00+00:00,2.1726000000000005e-05,0.024734003156483858,-0.016632636265095507,0.0
2025-04-07 00:00:00+00:00,-6.640333333333328e-06,-0.04655433595325325,0.006826081826199661,-0.0
2025-04-08 00:00:00+00:00,-2.8443166666666662e-05,0.12217941901905545,0.03948210059504503,0.12217941901905545
2025-04-09 00:00:00+00:00,-2.713833333333333e-05,-0.0341626969652964,-0.011427285343076547,-0.0341626969652964
2025-04-10 00:00:00+00:00,-3.234133333333333e-05,0.04054824794477152,0.018338461951791667,0.04054824794477152
2025-04-11 00:00:00+00:00,-2.1480416666666655e-05,0.04920876355861422,0.011554905541602895,0.04920876355861422
2025-04-12 00:00:00+00:00,-7.93749999999991e-07,-0.057451369378640184,0.010838013346311088,-0.0
2025-04-13 00:00:00+00:00,5.008008333333333e-05,-0.004925161889973482,0.004925161889973482,-0.0
2025-04-14 00:00:00+00:00,3.5413583333333326e-05,-0.024342283209094352,0.02194619100532224,-0.0
2025-04-15 00:00:00+00:00,-1.0716750000000004e-05,-0.007478596392108566,-0.00014687206613743514,-0.007478596392108566
2025-04-16 00:00:00+00:00,-4.106541666666667e-05,0.012624804543115965,0.00781561980287432,0.012624804543115965
2025-04-17 00:00:00+00:00,-3.024033333333334e-05,0.023129848233529017,0.009030142982916782,0.023129848233529017
2025-04-18 00:00:00+00:00,-4.231325e-05,0.03756049697570691,0.023338369628638497,0.03756049697570691
2025-04-19 00:00:00+00:00,-1.940733333333333e-05,0.006221578097622824,0.0009862377154756252,0.006221578097622824
2025-04-20 00:00:00+00:00,2.6770499999999997e-05,0.006466739559312118,-0.004915802236745445,0.0
2025-04-21 00:00:00+00:00,7.962925000000001e-05,0.07986851409807827,-0.07986851409807827,0.0
2025-04-22 00:00:00+00:00,4.3449416666666675e-05,0.02199916738458958,-0.02199916738458958,0.0
2025-04-23 00:00:00+00:00,7.167716666666667e-05,0.02431327824185621,-0.02431327824185621,0.0
2025-04-24 00:00:00+00:00,0.00010411008333333333,0.021059875770346022,-0.021059875770346022,0.0
2025-04-25 00:00:00+00:00,0.00011323333333333334,0.018714978764556453,-0.018714978764556453,0.0
2025-04-26 00:00:00+00:00,9.996866666666667e-05,-0.04181307720975515,0.04181307720975515,-0.0
2025-04-27 00:00:00+00:00,0.00011800933333333335,0.026737903557311392,-0.026737903557311392,0.0
2025-04-28 00:00:00+00:00,8.175875000000001e-05,-0.025617027396200868,0.025617027396200868,-0.0
2025-04-29 00:00:00+00:00,5.868700000000001e-05,0.001314872550219394,-0.0012476880744817212,0.0
2025-04-30 00:00:00+00:00,6.52033333333334e-06,0.016592702092213963,-0.001510944853024575,0.0
2025-05-01 00:00:00+00:00,4.916500000000004e-06,-0.001976942152640763,0.0001646851446067592,-0.0
2025-05-02 00:00:00+00:00,2.432891666666667e-05,-0.05522174348389351,0.02442124554615842,-0.0
2025-05-03 00:00:00+00:00,2.0589916666666674e-05,-0.023488462571476187,0.008808419914320463,-0.0
2025-05-04 00:00:00+00:00,-3.902475e-05,-0.0034879756214865085,-0.0022449328276056228,-0.0034879756214865085
2025-05-05 00:00:00+00:00,-4.542233333333333e-05,-0.004980531524567148,-0.0037362854520081286,-0.004980531524567148
2025-05-06 00:00:00+00:00,-8.532083333333333e-05,0.010683942727615582,0.010683942727615582,0.010683942727615582
2025-05-07 00:00:00+00:00,-0.00010983191666666664,0.1487035508757717,0.1487035508757717,0.1487035508757717
2025-05-08 00:00:00+00:00,-6.655091666666666e-05,0.06645652043697026,0.06645652043697026,0.06645652043697026
2025-05-09 00:00:00+00:00,2.7393416666666678e-05,0.10158811582429518,-0.050560848904546304,0.0
2025-05-10 00:00:00+00:00,0.00010875333333333334,-0.03514254946813582,0.03514254946813582,-0.0
2025-05-11 00:00:00+00:00,0.00017468725000000003,0.006614373044348043,-0.006614373044348043,0.0
2025-05-12 00:00:00+00:00,0.00022708016666666672,0.047318530447054405,-0.047318530447054405,0.0
2025-05-13 00:00:00+00:00,0.00022913733333333337,-0.04420681470317221,0.04420681470317221,-0.0
2025-05-14 00:00:00+00:00,0.00021974908333333336,-0.06111657693158854,0.06111657693158854,-0.0
2025-05-15 00:00:00+00:00,0.00018882125000000002,-0.021584311866602823,0.021584311866602823,-0.0
2025-05-16 00:00:00+00:00,0.00016876766666666667,-0.03276516411818094,0.03276516411818094,-0.0
2025-05-17 00:00:00+00:00,0.00013406,0.06102761988869079,-0.06102761988869079,0.0
2025-05-18 00:00:00+00:00,9.694908333333334e-05,-0.031077110221545443,0.02426556715831503,-0.0
2025-05-19 00:00:00+00:00,3.8828666666666677e-05,0.007690941059796237,-0.00047242475461290595,0.0
2025-05-20 00:00:00+00:00,4.312941666666668e-05,0.02692628580675192,-0.0030368415549389223,0.0
2025-05-21 00:00:00+00:00,5.807241666666668e-05,0.06242201084290412,-0.018143658747362942,0.0
2025-05-22 00:00:00+00:00,0.00010013800000000001,-0.08286785144553725,0.065355237074987,-0.0
2025-05-23 00:00:00+00:00,0.00014885050000000002,-0.0003737361787113596,0.0003737361787113596,-0.0
2025-05-24 00:00:00+00:00,0.00017119166666666668,0.004841682202684162,-0.004841682202684162,0.0
2025-05-25 00:00:00+00:00,0.00013681016666666667,-0.0027318940083536154,0.0027318940083536154,-0.0
2025-05-26 00:00:00+00:00,0.00011784375000000002,0.02292578049438195,-0.02041891634955657,0.0
2025-05-27 00:00:00+00:00,9.508991666666668e-05,-0.0008869673360765824,0.000550623193621083,-0.0
2025-05-28 00:00:00+00:00,6.240775000000001e-05,-0.038848282221039025,0.009158663443804711,-0.0
2025-05-29 00:00:00+00:00,7.802958333333335e-05,-0.10764404431496712,0.042492454356683085,-0.0
2025-05-30 00:00:00+00:00,6.040441666666668e-05,0.01665385938613305,-0.0027093675093403788,0.0
2025-05-31 00:00:00+00:00,3.7245833333333395e-06,0.015242339617153652,0.008375576826670889,0.015242339617153652
2025-06-01 00:00:00+00:00,-3.597016666666666e-05,0.021755363838904994,0.021755363838904994,0.021755363838904994
2025-06-02 00:00:00+00:00,-4.173216666666666e-05,0.0037095855941843953,0.0037095855941843953,0.0037095855941843953
2025-06-03 00:00:00+00:00,-2.5275833333333323e-05,-0.027752962767597884,-0.02585184070116683,-0.027752962767597884
2025-06-04 00:00:00+00:00,2.933308333333334e-05,-0.06793922996429262,-0.017069028596280733,-0.06793922996429262
2025-06-05 00:00:00+00:00,7.347233333333335e-05,0.025262603023618973,-0.007270864484761478,0.0
2025-06-06 00:00:00+00:00,3.5476833333333346e-05,0.03714518513152311,0.0072454378635865855,0.03714518513152311
2025-06-07 00:00:00+00:00,4.556258333333335e-05,-0.003679486924563155,-0.0003129555624603717,-0.003679486924563155
2025-06-08 00:00:00+00:00,3.255058333333335e-05,0.05908593917656303,0.01559233114096191,0.05908593917656303
2025-06-09 00:00:00+00:00,2.6075000000000014e-05,0.046690799225947426,0.016899672321849007,0.046690799225947426
2025-06-10 00:00:00+00:00,6.690616666666669e-05,-0.045088726433353724,0.006510991055781833,-0.0
2025-06-11 00:00:00+00:00,0.00016447600000000002,-0.06872021619263233,0.06872021619263233,-0.0
2025-06-12 00:00:00+00:00,0.00015378958333333337,-0.021280405928214244,0.021280405928214244,-0.0
2025-06-13 00:00:00+00:00,8.271058333333335e-05,-0.01794146382908476,0.0049198546209413396,-0.0
2025-06-14 00:00:00+00:00,5.8025166666666675e-05,0.006238318684862128,0.0003286413933257904,0.006238318684862128
2025-06-15 00:00:00+00:00,1.2977000000000003e-05,0.0028539919873887096,0.0018409352361651054,0.0028539919873887096
2025-06-16 00:00:00+00:00,-1.2511666666666659e-05,-0.03761721212570819,-0.036911597764751815,-0.03761721212570819
2025-06-17 00:00:00+00:00,3.641666666666673e-06,0.008977124189839364,0.0070994944700893195,0.008977124189839364
2025-06-18 00:00:00+00:00,4.960383333333334e-05,-0.009132155617687068,-0.0018901282968021868,-0.009132155617687068
2025-06-19 00:00:00+00:00,6.628216666666667e-05,-0.03721647230493878,0.0001715118763235034,-0.0
2025-06-20 00:00:00+00:00,8.172341666666668e-05,-0.045880166769957875,0.009566734649292627,-0.0
2025-06-21 00:00:00+00:00,4.5263583333333335e-05,-0.03427830952930376,-0.009408480089328106,-0.03427830952930376
2025-06-22 00:00:00+00:00,4.447833333333342e-06,0.10751912044692177,0.08553968962017372,0.10751912044692177
2025-06-23 00:00:00+00:00,-2.9096749999999995e-05,0.018057937597828384,0.018057937597828384,0.018057937597828384
2025-06-24 00:00:00+00:00,-3.5164333333333325e-05,-0.032342761976263575,-0.032342761976263575,-0.032342761976263575
2025-06-25 00:00:00+00:00,-3.730124999999999e-05,-0.022606211526520217,-0.022606211526520217,-0.022606211526520217
2025-06-26 00:00:00+00:00,-2.366008333333332e-05,0.015030794986322059,0.015030794986322059,0.015030794986322059
2025-06-27 00:00:00+00:00,-2.8652916666666658e-05,0.029155874206469937,0.029155874206469937,0.029155874206469937
2025-06-28 00:00:00+00:00,-9.599166666666573e-07,0.04490627963572484,0.03028827827229245,0.04490627963572484
2025-06-29 00:00:00+00:00,-1.477833333333327e-06,-0.03544569484201053,-0.02405287752219569,-0.03544569484201053
2025-06-30 00:00:00+00:00,6.283333333333434e-07,-0.04661602264750046,-0.030341039037044906,-0.04661602264750046
2025-07-01 00:00:00+00:00,-2.1016666666666523e-06,0.0775532452081136,0.05255288398592125,0.0775532452081136
2025-07-02 00:00:00+00:00,7.822250000000015e-06,0.006249569269981658,0.0034378963640594447,0.006249569269981658
2025-07-03 00:00:00+00:00,5.2190500000000015e-05,-0.05338231953845781,-0.0007917389647505995,-0.05338231953845781
2025-07-04 00:00:00+00:00,6.301808333333336e-05,0.002033619032967456,-0.0002044013272692371,0.0
2025-07-05 00:00:00+00:00,3.058666666666682e-06,0.022810303651174306,0.016044483951269707,0.022810303651174306
2025-07-06 00:00:00+00:00,-2.91741666666665e-06,-0.012229544357344063,-0.010217601101460565,-0.012229544357344063
2025-07-07 00:00:00+00:00,3.517400000000001e-05,0.01815733769742301,0.0063229861210441045,0.01815733769742301
2025-07-08 00:00:00+00:00,4.9334166666666795e-06,0.05468816925345791,0.04170785827370502,0.05468816925345791
2025-07-09 00:00:00+00:00,2.0121583333333347e-05,0.07889073814564848,0.04193965451363128,0.07889073814564848
2025-07-10 00:00:00+00:00,0.0001057276666666667,0.009734978391808353,-0.006721107483262228,0.0
2025-07-11 00:00:00+00:00,0.00016949100000000002,-0.009962146488055486,0.009962146488055486,-0.0
2025-07-12 00:00:00+00:00,0.00018880466666666666,0.03254652892015349,-0.03254652892015349,0.0
2025-07-13 00:00:00+00:00,0.0002210754166666667,0.0015826960422702086,-0.0015826960422702086,0.0
2025-07-14 00:00:00+00:00,0.00023947508333333335,0.03952412914183139,-0.03952412914183139,0.0
2025-07-15 00:00:00+00:00,0.00024191258333333338,0.023488897532975225,-0.023488897532975225,0.0
2025-07-16 00:00:00+00:00,0.0002380859166666667,0.019591767047563498,-0.019591767047563498,0.0
2025-07-17 00:00:00+00:00,0.00024341008333333337,0.0022426483879566432,-0.0022426483879566432,0.0
2025-07-18 00:00:00+00:00,0.00026694325,0.026437556401845475,-0.026437556401845475,0.0
2025-07-19 00:00:00+00:00,0.00027255058333333334,0.05172286729639793,-0.05172286729639793,0.0
2025-07-20 00:00:00+00:00,0.00028475133333333335,0.016224238584612912,-0.016224238584612912,0.0
2025-07-21 00:00:00+00:00,0.00029346058333333335,-0.0003305833378934618,0.0003305833378934618,-0.0
2025-07-22 00:00:00+00:00,0.00029613558333333335,-0.09133313548874698,0.09133313548874698,-0.0
2025-07-23 00:00:00+00:00,0.0002927769166666667,-0.02487300691665704,0.02487300691665704,-0.0
2025-07-24 00:00:00+00:00,0.00027792358333333337,0.033202424179705654,-0.033202424179705654,0.0
2025-07-25 00:00:00+00:00,0.00026302808333333335,0.004417395513618986,-0.004417395513618986,0.0
2025-07-26 00:00:00+00:00,0.0002592459166666667,0.03856178027991232,-0.03856178027991232,0.0
2025-07-27 00:00:00+00:00,0.00025551358333333337,-0.06114845382041862,0.06114845382041862,-0.0
2025-07-28 00:00:00+00:00,0.00024649925,-0.011849211277899785,0.011849211277899785,-0.0
2025-07-29 00:00:00+00:00,0.00022612266666666668,-0.0185951572880505,0.0185951572880505,-0.0
2025-07-30 00:00:00+00:00,0.00020540800000000002,-0.04844619776070337,0.0442292812274553,-0.0
2025-07-31 00:00:00+00:00,0.0001683994166666667,-0.03358224247191336,0.01902714124714544,-0.0
2025-08-01 00:00:00+00:00,0.00011860391666666669,-0.02471457426297411,0.002646044851097897,-0.0
2025-08-02 00:00:00+00:00,9.467500000000001e-05,0.04160245798951168,0.005221682559926891,0.04160245798951168
2025-08-03 00:00:00+00:00,8.737000000000001e-05,0.040505262954633824,0.008139280354960667,0.040505262954633824
2025-08-04 00:00:00+00:00,8.119675000000001e-05,-0.04071679369859011,-0.01050928283369676,-0.04071679369859011
2025-08-05 00:00:00+00:00,9.472825000000001e-05,0.019499115523238776,0.0028274401577201872,0.019499115523238776
2025-08-06 00:00:00+00:00,0.00010548833333333335,0.05825314402127868,0.003285989964659302,0.05825314402127868
2025-08-07 00:00:00+00:00,0.00010915916666666668,0.02098440916639195,0.0007287741907814138,0.02098440916639195
2025-08-08 00:00:00+00:00,0.00013414008333333336,0.04204012297690325,-0.007507132145905282,0.0
2025-08-09 00:00:00+00:00,0.0001718006666666667,-0.005330138310256709,0.002713199860901518,-0.0
2025-08-10 00:00:00+00:00,0.00018805708333333336,-0.0482478579475414,0.03154102994411378,-0.0
2025-08-11 00:00:00+00:00,0.00021919258333333335,0.06313601661242835,-0.05832391423322789,0.0
2025-08-12 00:00:00+00:00,0.0002151406666666667,0.03803001982877194,-0.032776457781044314,0.0
2025-08-13 00:00:00+00:00,0.0002362155,-0.08796106512485896,0.08796106512485896,-0.0
2025-08-14 00:00:00+00:00,0.0002423826666666667,-0.008025288498775218,0.008025288498775218,-0.0
2025-08-15 00:00:00+00:00,0.00020819350000000003,0.019102237144819664,-0.013475308272260232,0.0
2025-08-16 00:00:00+00:00,0.00018089433333333337,0.005870594140100096,-0.0025507722296276157,0.0
2025-08-17 00:00:00+00:00,0.00018419133333333335,-0.038538246159087484,0.017177252197569385,-0.0
2025-08-18 00:00:00+00:00,0.00012797308333333335,-0.04572872697571716,-0.003772033101533057,-0.04572872697571716
2025-08-19 00:00:00+00:00,8.827116666666668e-05,0.050665411926859596,0.02285666928838852,0.050665411926859596
2025-08-20 00:00:00+00:00,8.48195e-05,-0.027949565747256957,-0.01372985830572738,-0.027949565747256957
2025-08-21 00:00:00+00:00,0.00010599941666666668,0.10332622046109423,0.03244110975703525,0.10332622046109423
2025-08-22 00:00:00+00:00,0.00010978708333333333,-0.006977165350786318,-0.0021390299403791593,-0.006977165350786318
2025-08-23 00:00:00+00:00,0.000167485,-0.025610977733011447,0.005669688185170221,-0.0
2025-08-24 00:00:00+00:00,0.0002074025,-0.08856483981829877,0.05223618393398051,-0.0
2025-08-25 00:00:00+00:00,0.00022524233333333336,0.03983281823816414,-0.02966565585143308,0.0
2025-08-26 00:00:00+00:00,0.0001648651666666667,-0.008468660993410124,0.0007571759789057777,-0.0
2025-08-27 00:00:00+00:00,0.00016081775000000001,0.04231283570051531,-0.0007549195875038888,0.0
2025-08-28 00:00:00+00:00,0.00014259375,-0.05147537991913458,-0.01099776575425547,-0.05147537991913458
2025-08-29 00:00:00+00:00,0.00011066891666666668,0.010977913223361667,0.0066844763341570275,0.010977913223361667
2025-08-30 00:00:00+00:00,0.00010469958333333333,-0.016199193062669346,-0.011634183586356452,-0.016199193062669346
2025-08-31 00:00:00+00:00,0.00016034583333333335,-0.027040083659587398,-0.002449700925083349,-0.027040083659587398
2025-09-01 00:00:00+00:00,0.00015012058333333333,0.033183328887216985,0.007958247898121997,0.033183328887216985
2025-09-02 00:00:00+00:00,0.00013407566666666666,0.01082315672514276,0.004985001458776736,0.01082315672514276
2025-09-03 00:00:00+00:00,0.00014727366666666668,-0.03916941917941933,-0.013210285904652305,-0.03916941917941933
2025-09-04 00:00:00+00:00,0.000147318,0.026051183321209783,0.010089393318442842,0.026051183321209783
2025-09-05 00:00:00+00:00,0.000126555,-0.007333864391259193,-0.005237423457224949,-0.007333864391259193
2025-09-06 00:00:00+00:00,0.00013538625,0.017475928785410762,0.011391720892937704,0.017475928785410762
2025-09-07 00:00:00+00:00,0.00013045116666666668,0.03347211146897641,0.026366303536980246,0.03347211146897641
2025-09-08 00:00:00+00:00,0.00013001541666666667,0.009050990575485682,0.007294413419284558,0.009050990575485682
2025-09-09 00:00:00+00:00,0.00015180875000000003,0.02013244266677773,0.009238051399148338,0.02013244266677773
2025-09-10 00:00:00+00:00,0.00017575083333333334,0.020237846462795504,0.0016310636498183112,0.020237846462795504
2025-09-11 00:00:00+00:00,0.00018969183333333333,0.023244058024036247,-0.003402049307804217,0.0
2025-09-12 00:00:00+00:00,0.00021341225,0.013464685391369937,-0.007115911711775112,0.0
2025-09-13 00:00:00+00:00,0.0002302151666666667,-0.038968333602477166,0.031139225423850846,-0.0
2025-09-14 00:00:00+00:00,0.00022672458333333336,-0.033073560344701866,0.024763202042389427,-0.0
2025-09-15 00:00:00+00:00,0.00020018416666666667,0.016574115960349432,-0.005661267780041557,0.0
2025-09-16 00:00:00+00:00,0.00017252825,0.03364810605324862,0.0025932320949890665,0.03364810605324862
2025-09-17 00:00:00+00:00,0.00014103175000000002,0.014117586663529708,0.007968870389463898,0.014117586663529708
2025-09-18 00:00:00+00:00,0.00013592983333333335,-0.04667070311963443,-0.02911995923483174,-0.04667070311963443
2025-09-19 00:00:00+00:00,0.00014234083333333335,0.007832759853136511,0.003831542893784435,0.007832759853136511
2025-09-20 00:00:00+00:00,0.00013666108333333334,-0.016699583007539574,-0.009445628716520396,-0.016699583007539574
2025-09-21 00:00:00+00:00,0.00014273008333333335,-0.0745219955996515,-0.0318514037065607,-0.0745219955996515
2025-09-22 00:00:00+00:00,0.00010925566666666668,-0.010694940435953395,-0.010694940435953395,-0.010694940435953395
2025-09-23 00:00:00+00:00,5.653075000000001e-05,0.016226799695337794,0.016226799695337794,0.016226799695337794
2025-09-24 00:00:00+00:00,3.761791666666667e-05,-0.06271261869241201,-0.06271261869241201,-0.06271261869241201
2025-09-25 00:00:00+00:00,3.763866666666667e-05,0.04335349449620168,0.04335349449620168,0.04335349449620168
2025-09-26 00:00:00+00:00,3.7728e-05,-0.0021177098229401585,-0.0021177098229401585,-0.0021177098229401585
2025-09-27 00:00:00+00:00,8.814383333333334e-05,0.01793781799952827,0.01793781799952827,0.01793781799952827
2025-09-28 00:00:00+00:00,0.00011148191666666666,-0.012137529890538732,-0.007741204907132402,-0.012137529890538732
2025-09-29 00:00:00+00:00,0.00010991633333333333,-0.01073505105283117,-0.006959634397764036,-0.01073505105283117
2025-09-30 00:00:00+00:00,0.00012200108333333334,0.05692836176083873,0.023506975660383015,0.05692836176083873
2025-10-01 00:00:00+00:00,0.0001328225,0.030364492314471477,0.00652543909182798,0.030364492314471477
2025-10-02 00:00:00+00:00,0.00014084191666666667,0.0053445784357563034,0.00040070204150316295,0.0053445784357563034
2025-10-03 00:00:00+00:00,0.00016480891666666666,-0.027018947608098764,0.010275557063735952,-0.0
2025-10-04 00:00:00+00:00,0.00016513258333333334,-0.005075076024580779,0.0018580779446974842,-0.0
2025-10-05 00:00:00+00:00,0.000171155,0.039117053361447586,-0.01832933884183723,0.0
2025-10-06 00:00:00+00:00,0.00014578600000000002,-0.05500398394116875,-0.0034918626099987,-0.05500398394116875
2025-10-07 00:00:00+00:00,0.00013845433333333333,0.02040400574115818,0.004405881883922027,0.02040400574115818
2025-10-08 00:00:00+00:00,9.853758333333335e-05,-0.028500729361251483,-0.028500729361251483,-0.028500729361251483
2025-10-09 00:00:00+00:00,9.432666666666669e-05,-0.26827997634322254,-0.26827997634322254,-0.26827997634322254
2025-10-10 00:00:00+00:00,9.974033333333334e-05,0.0022744113843468955,0.0020834373007248192,0.0022744113843468955
2025-10-11 00:00:00+00:00,-0.00015617875000000002,0.11791283087782761,0.11791283087782761,0.11791283087782761
2025-10-12 00:00:00+00:00,-0.0003637179166666666,0.05759041437067046,0.05759041437067046,0.05759041437067046
2025-10-13 00:00:00+00:00,-0.0004715219166666666,-0.04450824881914361,-0.04450824881914361,-0.04450824881914361
2025-10-14 00:00:00+00:00,-0.0005463544166666666,-0.04789584936838461,-0.04789584936838461,-0.04789584936838461
2025-10-15 00:00:00+00:00,-0.0006085745833333333,-0.041358272260722015,-0.041358272260722015,-0.041358272260722015
2025-10-16 00:00:00+00:00,-0.00040317366666666664,-0.027730869318721953,-0.027730869318721953,-0.027730869318721953
2025-10-17 00:00:00+00:00,-0.00027002091666666667,0.013489672461353729,0.013489672461353729,0.013489672461353729
2025-10-18 00:00:00+00:00,-0.00022799849999999996,0.02466976752746915,0.02466976752746915,0.02466976752746915
2025-10-19 00:00:00+00:00,-0.00021605041666666663,0.014641755203105384,0.014641755203105384,0.014641755203105384
2025-10-20 00:00:00+00:00,-0.00023075608333333333,-0.03444243136082845,-0.03444243136082845,-0.03444243136082845
2025-10-21 00:00:00+00:00,-0.00021031241666666668,-0.026901615038141962,-0.026901615038141962,-0.026901615038141962
2025-10-22 00:00:00+00:00,-0.00021561441666666668,0.031015372786632682,0.031015372786632682,0.031015372786632682
2025-10-23 00:00:00+00:00,-0.00017910416666666669,0.021514036940160786,0.021514036940160786,0.021514036940160786
2025-10-24 00:00:00+00:00,-0.00015569808333333333,-0.0017297592078677597,-0.001605010488773384,-0.0017297592078677597
2025-10-25 00:00:00+00:00,-0.0001223935,0.03723321106673864,0.027561009136973895,0.03723321106673864
2025-10-26 00:00:00+00:00,-0.00011829733333333333,-0.026801447969385477,-0.018679809197720436,-0.026801447969385477
2025-10-27 00:00:00+00:00,-6.838433333333332e-05,-0.02896527091022659,-0.012627986681528444,-0.02896527091022659
2025-10-28 00:00:00+00:00,-6.484716666666666e-05,0.003692292062154743,0.0014931789151994793,0.003692292062154743
2025-10-29 00:00:00+00:00,-9.433516666666666e-05,-0.06873482071511526,-0.036584116778741335,-0.06873482071511526
2025-10-30 00:00:00+00:00,-0.00013402099999999998,0.014438157918505681,0.010146129593039498,0.014438157918505681
2025-10-31 00:00:00+00:00,-0.00020253758333333335,0.04347587222129437,0.04347587222129437,0.04347587222129437
2025-11-01 00:00:00+00:00,-0.00020617575,0.00546198359022901,0.0054075193869464865,0.00546198359022901
2025-11-02 00:00:00+00:00,-0.00019630491666666663,-0.12234649291863223,-0.11156928011483433,-0.12234649291863223
2025-11-03 00:00:00+00:00,-0.00021608899999999996,-0.029315257203146552,-0.028583626549010234,-0.029315257203146552
2025-11-04 00:00:00+00:00,-0.00022689249999999998,0.04395939079424522,0.043701488843745744,0.04395939079424522
2025-11-05 00:00:00+00:00,-0.00016531966666666668,-0.007889454420247683,-0.005325907695234084,-0.007889454420247683
2025-11-06 00:00:00+00:00,-0.00023886874999999998,0.1523241863597969,0.15157839808345633,0.1523241863597969
2025-11-07 00:00:00+00:00,-0.00040361600000000003,-0.020645897568371315,-0.020645897568371315,-0.020645897568371315
2025-11-08 00:00:00+00:00,-0.00032502258333333336,0.006373891034046513,0.006373891034046513,0.006373891034046513
2025-11-09 00:00:00+00:00,-0.00028305375,0.027081945189222138,0.027081945189222138,0.027081945189222138
2025-11-10 00:00:00+00:00,-0.00027841275,-0.07241142628955033,-0.07241142628955033,-0.07241142628955033
2025-11-11 00:00:00+00:00,-0.00020639391666666667,-0.014516517229275758,-0.009319417024596557,-0.014516517229275758
2025-11-12 00:00:00+00:00,-4.366341666666666e-05,-0.027552388468075065,0.004120492295007587,-0.0
2025-11-13 00:00:00+00:00,-6.81015e-05,-0.042035589683337135,0.0023914949660339946,-0.0
2025-11-14 00:00:00+00:00,-5.83545e-05,0.01894722082991036,-0.0024186558874939473,0.0
2025-11-15 00:00:00+00:00,-5.274599999999999e-05,-0.03166703439997014,0.0055927140464272366,-0.0
2025-11-16 00:00:00+00:00,-6.196308333333332e-05,-0.028173379476702655,0.004195270404337223,-0.0
2025-11-17 00:00:00+00:00,-2.9199249999999983e-05,0.03356863030746593,-0.011192663961486944,0.0
2025-11-18 00:00:00+00:00,-5.730416666666663e-06,-0.020390397498027343,0.009627750166003082,-0.0
2025-11-19 00:00:00+00:00,1.4155000000000004e-05,-0.03729366232417817,0.022083019999404555,-0.0
2025-11-20 00:00:00+00:00,5.3038666666666664e-05,-0.06263121146241252,0.05080769113242094,-0.0
2025-11-21 00:00:00+00:00,3.0836666666666676e-05,-0.014776791400672343,0.010416615859123127,-0.0
2025-11-22 00:00:00+00:00,-1.937008333333333e-05,0.008917232079732343,-0.0039744971683585385,0.0
2025-11-23 00:00:00+00:00,-6.829608333333333e-05,0.04537638059792543,-0.008793290992930676,0.0
2025-11-24 00:00:00+00:00,-9.645116666666668e-05,0.0073585199230559875,-0.0004008742142751077,0.0
2025-11-25 00:00:00+00:00,-0.00015464383333333335,0.011215200790075494,0.0027396768427570507,0.011215200790075494
2025-11-26 00:00:00+00:00,-0.00012987566666666667,-0.004564682046236029,-0.00041417601707554214,-0.004564682046236029
2025-11-27 00:00:00+00:00,-0.00010186183333333333,-0.00848787790393209,0.0007110538286037818,-0.0
2025-11-28 00:00:00+00:00,-8.909499999999999e-05,-0.01950461916506191,0.0034265756066496414,-0.0
2025-11-29 00:00:00+00:00,-0.00010315108333333333,-0.016778545508539654,0.0020044576480266214,-0.0
2025-11-30 00:00:00+00:00,-0.00010538633333333332,-0.0666305325215119,0.00878755294809185,-0.0
2025-12-01 00:00:00+00:00,-0.00014551725,0.07413361225861538,0.00566421931235537,0.07413361225861538
2025-12-02 00:00:00+00:00,-0.00016018025,0.03141899149459302,0.004252426067390276,0.03141899149459302
2025-12-03 00:00:00+00:00,-0.00010973158333333332,-0.03383381579318904,0.007066663915546032,-0.0
2025-12-04 00:00:00+00:00,-4.791791666666666e-05,-0.04233325243772568,0.02723622421010074,-0.0
2025-12-05 00:00:00+00:00,-1.5160583333333327e-05,0.017215830465615454,-0.01545155668285823,0.0
2025-12-06 00:00:00+00:00,-4.700983333333332e-05,-0.021680409725868564,0.015721425939294403,-0.0
2025-12-07 00:00:00+00:00,-4.91675e-05,0.025452337391787584,-0.01891546180588539,0.0
2025-12-08 00:00:00+00:00,-7.676666666666666e-05,0.03937062458733625,-0.022943226717868175,0.0
2025-12-09 00:00:00+00:00,-9.302408333333333e-05,-0.031424626769825804,0.01579571740384375,-0.0
2025-12-10 00:00:00+00:00,-0.00010129483333333332,-0.020283982190437,0.00879720838202199,-0.0
2025-12-11 00:00:00+00:00,-6.361825e-05,-0.02759615431219196,0.018959440175670975,-0.0
2025-12-12 00:00:00+00:00,-5.356241666666666e-05,0.012175573864886638,-0.009064137085782402,0.0
2025-12-13 00:00:00+00:00,-6.297208333333332e-05,-0.044346055958180655,0.029424031467644496,-0.0
2025-12-14 00:00:00+00:00,-8.898691666666666e-05,-0.030214796458967307,0.012961207042376133,-0.0
2025-12-15 00:00:00+00:00,-9.963799999999998e-05,0.006414200490339882,-0.0018502047477804819,0.0
2025-12-16 00:00:00+00:00,-8.920424999999999e-05,-0.05665377070171701,0.02137528187668501,-0.0
2025-12-17 00:00:00+00:00,-7.606516666666666e-05,-0.03914610664189119,0.019596404867032104,-0.0
2025-12-18 00:00:00+00:00,-9.177274999999999e-05,0.07053704826990936,-0.021370940493313857,0.0
2025-12-19 00:00:00+00:00,-7.25125e-05,0.007209529125911452,-0.003591367299820425,0.0
2025-12-20 00:00:00+00:00,-2.8035583333333326e-05,-0.02292004060930129,0.022402495462041552,-0.0
2025-12-21 00:00:00+00:00,-2.212666666666663e-06,0.004903120629093199,-0.004903120629093199,0.0
2025-12-22 00:00:00+00:00,-6.160750000000001e-06,-0.009767899022742629,0.009767899022742629,-0.0
2025-12-23 00:00:00+00:00,-7.0059999999999936e-06,0.0033539944308981625,-0.0033539944308981625,0.0
2025-12-24 00:00:00+00:00,-2.0608e-05,-0.018327691062435186,0.01687180247216203,-0.0
2025-12-25 00:00:00+00:00,-1.801e-05,0.02205986610236596,-0.02039242992828265,0.0
2025-12-26 00:00:00+00:00,2.798333333333437e-07,0.0327059753202813,-0.0327059753202813,0.0
2025-12-27 00:00:00+00:00,2.359158333333334e-05,-0.00847532891715106,0.00847532891715106,-0.0
2025-12-28 00:00:00+00:00,9.6185e-05,-0.02359515304770468,0.02359515304770468,-0.0
2025-12-29 00:00:00+00:00,0.00011249075000000001,0.004062190403764459,-0.004062190403764459,0.0
2025-12-30 00:00:00+00:00,9.791675000000001e-05,-0.022856312328578016,0.022856312328578016,-0.0
2025-12-31 00:00:00+00:00,8.592733333333334e-05,0.06646998265104456,-0.06646998265104456,0.0
2026-01-01 00:00:00+00:00,6.505633333333334e-05,0.05237751747381615,-0.05237751747381615,0.0
2026-01-02 00:00:00+00:00,4.652916666666668e-05,0.012516085974065243,-0.012516085974065243,0.0
2026-01-03 00:00:00+00:00,7.134900000000001e-05,0.03873346201500424,-0.03873346201500424,0.0
2026-01-04 00:00:00+00:00,8.507033333333334e-05,0.027180119624090737,-0.027180119624090737,0.0
2026-01-05 00:00:00+00:00,0.00010462300000000002,0.013779890361557233,-0.013779890361557233,0.0
2026-01-06 00:00:00+00:00,0.00012374416666666667,-0.045465535663816045,0.045465535663816045,-0.0
2026-01-07 00:00:00+00:00,0.00011373916666666666,-0.012721144203677131,0.012721144203677131,-0.0
2026-01-08 00:00:00+00:00,0.00011119608333333333,0.0029624792617205433,-0.0029624792617205433,0.0
2026-01-09 00:00:00+00:00,0.00010873741666666668,-0.0038936439887199575,0.0038936439887199575,-0.0
2026-01-10 00:00:00+00:00,0.00011294591666666667,-0.007807901474425091,0.007807901474425091,-0.0
2026-01-11 00:00:00+00:00,0.00010120983333333333,-0.02139974054605314,0.02139974054605314,-0.0
2026-01-12 00:00:00+00:00,6.962708333333333e-05,0.09268550850728945,-0.09268550850728945,0.0
2026-01-13 00:00:00+00:00,6.792783333333334e-05,-0.009163911359075547,0.009163911359075547,-0.0
2026-01-14 00:00:00+00:00,8.669375000000002e-05,-0.04018072453161022,0.04018072453161022,-0.0
2026-01-15 00:00:00+00:00,7.558150000000001e-05,0.016794004910455535,-0.016794004910455535,0.0
2026-01-16 00:00:00+00:00,4.843941666666667e-05,0.015110442874568905,-0.010552691113844371,0.0
2026-01-17 00:00:00+00:00,8.574258333333333e-05,-0.049649884908884646,0.049649884908884646,-0.0
2026-01-18 00:00:00+00:00,5.978608333333334e-05,-0.02934395891069807,0.023309025560594037,-0.0
2026-01-19 00:00:00+00:00,-1.2267166666666665e-05,-0.05636179144930093,-0.0023881424571090162,-0.05636179144930093
2026-01-20 00:00:00+00:00,-1.6676666666666662e-05,0.029231915621077336,0.0024952312901756883,0.029231915621077336
2026-01-21 00:00:00+00:00,-6.892499999999955e-07,-0.0071050472428656475,0.0007146719822835569,-0.0
2026-01-22 00:00:00+00:00,-2.548325e-05,0.00011647156637833515,2.3617295831247263e-05,0.00011647156637833515
2026-01-23 00:00:00+00:00,-3.313858333333333e-05,-0.004727440077983466,-0.001461670609191245,-0.004727440077983466
2026-01-24 00:00:00+00:00,-1.3542916666666664e-05,-0.05565234244668283,-0.005837855013586327,-0.05565234244668283
2026-01-25 00:00:00+00:00,-3.3595e-05,0.03754031114465812,0.01425547172448294,0.03754031114465812
2026-01-26 00:00:00+00:00,-3.678625e-05,0.012900788871737828,0.0056598087024656496,0.012900788871737828
2026-01-27 00:00:00+00:00,-3.167616666666666e-05,-0.0018378664412723863,-0.0007156846795732502,-0.0018378664412723863
2026-01-28 00:00:00+00:00,-1.579708333333333e-05,-0.0711861026553823,-0.014727548258702254,-0.0711861026553823
2026-01-29 00:00:00+00:00,-3.2129083333333334e-05,-0.015893296255043838,-0.007033446760284234,-0.015893296255043838
2026-01-30 00:00:00+00:00,-5.482541666666666e-05,-0.0939929301225149,-0.07380450514791492,-0.0939929301225149
2026-01-31 00:00:00+00:00,-8.230833333333333e-05,-0.02458631136604478,-0.02458631136604478,-0.02458631136604478
2026-02-01 00:00:00+00:00,-0.00014326416666666668,0.03269977174968464,0.03269977174968464,0.03269977174968464
2026-02-02 00:00:00+00:00,-0.00019394716666666667,-0.020003155978388656,-0.020003155978388656,-0.020003155978388656
2026-02-03 00:00:00+00:00,-0.00018048291666666666,-0.01687497837832364,-0.01687497837832364,-0.01687497837832364
2026-02-04 00:00:00+00:00,-0.00013961783333333333,-0.1520935065537677,-0.1520935065537677,-0.1520935065537677
2026-02-05 00:00:00+00:00,-0.00012107775,0.11618228869495452,0.11618228869495452,0.11618228869495452
2026-02-06 00:00:00+00:00,-0.00013494658333333334,-0.008252918534790484,-0.008252918534790484,-0.008252918534790484
2026-02-07 00:00:00+00:00,-9.162374999999998e-05,-0.025384624909786827,-0.025384624909786827,-0.025384624909786827
2026-02-08 00:00:00+00:00,-0.00010322583333333334,-0.0004318644992563183,-0.0004318644992563183,-0.0004318644992563183
2026-02-09 00:00:00+00:00,-0.00012904041666666666,-0.02835632168286511,-0.02835632168286511,-0.02835632168286511
2026-02-10 00:00:00+00:00,-0.00014232216666666667,-0.008697294280706267,-0.008697294280706267,-0.008697294280706267
2026-02-11 00:00:00+00:00,-0.00010397858333333332,0.023232933726818318,0.023232933726818318,0.023232933726818318
2026-02-12 00:00:00+00:00,-0.0001248515833333333,0.04129152342107083,0.04129152342107083,0.04129152342107083
2026-02-13 00:00:00+00:00,-9.574408333333333e-05,0.05761821024531997,0.056738667555441366,0.05761821024531997
2026-02-14 00:00:00+00:00,-5.6559e-05,-0.044696129488401876,-0.02448120447625973,-0.044696129488401876
2026-02-15 00:00:00+00:00,-3.5669916666666665e-05,0.009658507680638346,0.0030721258241931493,0.009658507680638346
2026-02-16 00:00:00+00:00,-2.378899999999999e-05,-0.012729042509381342,-0.0024979397931899714,-0.012729042509381342
2026-02-17 00:00:00+00:00,-1.0689583333333328e-05,-0.03613412233021905,-0.0020577249387055342,-0.03613412233021905
2026-02-18 00:00:00+00:00,-3.277241666666666e-05,-0.010595536470182168,-0.003312168294536073,-0.010595536470182168
2026-02-19 00:00:00+00:00,-0.0002851055,0.02553423430660061,0.02553423430660061,0.02553423430660061
2026-02-20 00:00:00+00:00,-0.00048221591666666665,-0.0017186966946128599,-0.0017186966946128599,-0.0017186966946128599
2026-02-21 00:00:00+00:00,-0.00049131425,-0.026096378768095882,-0.026096378768095882,-0.026096378768095882
2026-02-22 00:00:00+00:00,-0.0005846760833333333,-0.03775865553023624,-0.03775865553023624,-0.03775865553023624
2026-02-23 00:00:00+00:00,-0.0006428221666666666,-0.005534399301709169,-0.005534399301709169,-0.005534399301709169
2026-02-24 00:00:00+00:00,-0.00043790333333333333,0.08714324135866726,0.08714324135866726,0.08714324135866726
2026-02-25 00:00:00+00:00,-0.00023644624999999997,-0.02972918064666386,-0.02972918064666386,-0.02972918064666386
2026-02-26 00:00:00+00:00,-0.00027069691666666663,-0.02130683891098406,-0.02130683891098406,-0.02130683891098406
2026-02-27 00:00:00+00:00,-0.00021057941666666665,0.007398512250824324,0.0059721407481793925,0.007398512250824324
2026-02-28 00:00:00+00:00,-0.00019757016666666668,-0.029369753906591394,-0.02076863674089428,-0.029369753906591394
2026-03-01 00:00:00+00:00,-0.00019639575,0.02947161133895329,0.019913239578199605,0.02947161133895329
2026-03-02 00:00:00+00:00,-0.00023429524999999998,-0.006696899263798556,-0.00579239601562307,-0.006696899263798556
2026-03-03 00:00:00+00:00,-0.000219428,0.03718026433614803,0.028024298744007227,0.03718026433614803
2026-03-04 00:00:00+00:00,-0.00020352191666666666,-0.015539230467268673,-0.009916606742240784,-0.015539230467268673
2026-03-05 00:00:00+00:00,-0.00015300525,-0.0280042253044692,-0.009122989382838943,-0.0280042253044692
2026-03-06 00:00:00+00:00,-0.00014685583333333334,-0.02276350486625624,-0.00611262497177045,-0.02276350486625624
2026-03-07 00:00:00+00:00,-0.00017989591666666666,-0.011874946996903175,-0.005219958020488964,-0.011874946996903175
2026-03-08 00:00:00+00:00,-0.00021868933333333334,0.026990445777650213,0.017432216362864652,0.026990445777650213
2026-03-09 00:00:00+00:00,-0.00024053058333333333,0.024327144986127265,0.01826503833702309,0.024327144986127265
2026-03-10 00:00:00+00:00,-0.00024375000000000002,0.01979243800644984,0.014714999797454437,0.01979243800644984
2026-03-11 00:00:00+00:00,-0.000254058,0.007101337264005475,0.0055385734967978075,0.007101337264005475
2026-03-12 00:00:00+00:00,-0.00021580233333333334,0.0036181034472113453,0.0018630747591457304,0.0036181034472113453
2026-03-13 00:00:00+00:00,-0.00011099891666666667,-0.005842454289648101,0.001024138895991009,-0.0
2026-03-14 00:00:00+00:00,-0.00011322983333333332,0.025574055170534266,-0.00468444208815931,0.0
2026-03-15 00:00:00+00:00,-0.0001287898333333333,0.05150415003606385,-0.005489403923986258,0.0
2026-03-16 00:00:00+00:00,-7.389916666666664e-05,-0.01828409394591025,0.00913439782346792,-0.0
2026-03-17 00:00:00+00:00,-2.4207583333333315e-05,-0.044930424713431165,0.038390243062604586,-0.0
2026-03-18 00:00:00+00:00,-4.562691666666665e-05,-0.021162472048138373,0.015562733487473742,-0.0
2026-03-19 00:00:00+00:00,-5.051499999999995e-06,0.005320367067287878,-0.005320367067287878,0.0
2026-03-20 00:00:00+00:00,1.9195416666666676e-05,-0.02998398550218898,0.02998398550218898,-0.0
2026-03-21 00:00:00+00:00,-5.087499999999991e-06,-0.025830540772773483,0.025830540772773483,-0.0
2026-03-22 00:00:00+00:00,-7.063583333333333e-05,0.04537235469179256,-0.026190897963394338,0.0
2026-03-23 00:00:00+00:00,-8.597333333333332e-05,0.007511904934484844,-0.0035915458044423936,0.0
2026-03-24 00:00:00+00:00,-7.916316666666666e-05,0.005189078619985602,-0.0027716259406353793,0.0
2026-03-25 00:00:00+00:00,-7.119341666666664e-05,-0.040499429187678904,0.02435366688822555,-0.0
2026-03-26 00:00:00+00:00,-9.504583333333332e-05,-0.030901262322697506,0.013577941765883403,-0.0
2026-03-27 00:00:00+00:00,-7.904974999999999e-05,-0.003997801024098313,0.002247187892905267,-0.0
2026-03-28 00:00:00+00:00,-0.00011022908333333332,-0.017640769172871922,0.00613267241362942,-0.0
2026-03-29 00:00:00+00:00,-0.00016321925,0.014747716150438676,0.0003122364022045958,0.014747716150438676
2026-03-30 00:00:00+00:00,-0.00017248049999999998,0.017633725361613038,0.0012819077352323256,0.017633725361613038
2026-03-31 00:00:00+00:00,-0.0001607048333333333,0.008809258256879858,-0.00024600588068438456,0.0
2026-04-01 00:00:00+00:00,-0.0001265475,-0.03227871394344704,0.009328849534533553,-0.0
2026-04-02 00:00:00+00:00,-0.00012104091666666665,0.01737514377759516,-0.0056851778556650375,0.0
2026-04-03 00:00:00+00:00,-6.178883333333333e-05,0.0035501223189754027,-0.0026635839679432284,0.0
2026-04-04 00:00:00+00:00,-5.981316666666666e-05,-0.0040090263002944045,0.0029928112744823394,-0.0
2026-04-05 00:00:00+00:00,-7.542625e-05,-0.011383166925139484,0.007069011444407229,-0.0
2026-04-06 00:00:00+00:00,-6.680216666666666e-05,0.06033747244535379,-0.04077606731708588,0.0
2026-04-07 00:00:00+00:00,-6.241675e-05,-0.03286645649488982,0.02288926710266598,-0.0
2026-04-08 00:00:00+00:00,-3.3562416666666666e-05,0.01766233598916148,-0.015832567841235066,0.0
2026-04-09 00:00:00+00:00,-5.2545e-05,0.010365610869064339,-0.0077648996495996445,0.0
2026-04-10 00:00:00+00:00,-7.968666666666662e-06,-0.00041897540707756673,0.00041897540707756673,-0.0
2026-04-11 00:00:00+00:00,-4.192874999999999e-05,-0.042369784998625544,0.03338210379614541,-0.0
2026-04-12 00:00:00+00:00,-6.228525e-05,0.05796568076603457,-0.03683715232413753,0.0
2026-04-13 00:00:00+00:00,-0.00014799249999999998,-0.029341392577216775,0.0007576157014366932,-0.0
2026-04-14 00:00:00+00:00,-0.00013053758333333334,0.04522835344269168,-0.007006441799354969,0.0
2026-04-15 00:00:00+00:00,-0.0001867538333333333,0.08491867057732126,0.019759686734908136,0.08491867057732126
2026-04-16 00:00:00+00:00,-0.0001401548333333333,0.00414312250144736,-0.00047728712518582537,0.0
2026-04-17 00:00:00+00:00,-4.7799250000000005e-05,-0.044820893071843323,0.035297417919445975,-0.0
2026-04-18 00:00:00+00:00,1.9132833333333344e-05,-0.032518272298303376,0.032518272298303376,-0.0
2026-04-19 00:00:00+00:00,1.9554416666666677e-05,0.03595709475624614,-0.03595709475624614,0.0
2026-04-20 00:00:00+00:00,5.836916666666667e-05,0.0023808815852683516,-0.0023808815852683516,0.0
2026-04-21 00:00:00+00:00,5.4485500000000005e-05,0.002162465491652687,-0.002162465491652687,0.0
2026-04-22 00:00:00+00:00,5.249175000000001e-05,0.006510003015780892,-0.006510003015780892,0.0
2026-04-23 00:00:00+00:00,3.474541666666668e-05,0.01681122272151566,-0.01681122272151566,0.0
2026-04-24 00:00:00+00:00,6.071533333333333e-05,-0.004100313890043107,0.004100313890043107,-0.0
2026-04-25 00:00:00+00:00,6.70525e-05,0.009641016530757376,-0.009641016530757376,0.0
2026-04-26 00:00:00+00:00,2.9856583333333345e-05,-0.017436023253241378,0.017436023253241378,-0.0
2026-04-27 00:00:00+00:00,-1.8627416666666664e-05,-0.003073861187939048,0.002535506661061032,-0.0
2026-04-28 00:00:00+00:00,-9.790999999999995e-06,-0.014544884193444968,0.013000686881016013,-0.0
2026-04-29 00:00:00+00:00,-2.242258333333333e-05,-0.00357528606631219,0.002590024489105667,-0.0
2026-04-30 00:00:00+00:00,-3.207458333333333e-05,0.009237241332126162,-0.005446546391899679,0.0
2026-05-01 00:00:00+00:00,-2.474833333333324e-06,0.020616049495827675,-0.018627649374014316,0.0
2026-05-02 00:00:00+00:00,1.6709250000000006e-05,-0.010872595768381723,0.010872595768381723,-0.0
2026-05-03 00:00:00+00:00,1.6209916666666672e-05,0.009816075801766628,-0.009816075801766628,0.0
2026-05-04 00:00:00+00:00,3.199325e-05,0.03263072425787445,-0.03263072425787445,0.0
2026-05-05 00:00:00+00:00,5.7518750000000006e-05,0.03791047981438466,-0.03791047981438466,0.0
2026-05-06 00:00:00+00:00,7.690208333333335e-05,0.008844828169416351,-0.008844828169416351,0.0
2026-05-07 00:00:00+00:00,9.582325000000001e-05,0.05644788980938756,-0.05644788980938756,0.0
2026-05-08 00:00:00+00:00,0.00010875000000000001,-0.011737792007777118,0.011737792007777118,-0.0
2026-05-09 00:00:00+00:00,0.00012135891666666668,0.027019988814174375,-0.027019988814174375,0.0
2026-05-10 00:00:00+00:00,0.000117469,-0.0020602361670965237,0.0020602361670965237,-0.0
2026-05-11 00:00:00+00:00,0.00011081708333333334,-0.021700228548991833,0.021700228548991833,-0.0
2026-05-12 00:00:00+00:00,9.989783333333334e-05,-0.032446523746388144,0.032446523746388144,-0.0
2026-05-13 00:00:00+00:00,6.059058333333334e-05,0.014544607370881243,-0.014544607370881243,0.0
2026-05-14 00:00:00+00:00,3.082158333333334e-05,-0.053285329186849556,0.03603701129332373,-0.0
2026-05-15 00:00:00+00:00,2.671666666666765e-07,-0.0314870215210472,0.008787405115064312,-0.0
2026-05-16 00:00:00+00:00,-3.412524999999999e-05,-0.023389439415252546,-0.003522688397306911,-0.023389439415252546
2026-05-17 00:00:00+00:00,-3.353208333333333e-05,0.015648173441109244,0.0022811513295519403,0.015648173441109244
2026-05-18 00:00:00+00:00,-2.0346999999999997e-05,-0.01999390924088207,0.0004605295262515422,-0.0
2026-05-19 00:00:00+00:00,-1.837674999999999e-05,0.02698642313450001,-0.0015054422088081152,0.0
2026-05-20 00:00:00+00:00,3.6024166666666735e-06,0.01700948165970216,-0.005623102825976381,0.0
2026-05-21 00:00:00+00:00,1.7796500000000008e-05,-0.03949041373775313,0.01939851702515028,-0.0
2026-05-22 00:00:00+00:00,3.2675166666666675e-05,0.031536105845490506,-0.020660345701509188,0.0
2026-05-23 00:00:00+00:00,1.487900000000001e-05,-0.025536582019342637,0.010523049054564668,-0.0
2026-05-24 00:00:00+00:00,1.0589666666666673e-05,0.022230707016378845,-0.007591177797250607,0.0
2026-05-25 00:00:00+00:00,5.187416666666673e-06,-0.012958305356425953,0.0032868459837780825,-0.0
2026-05-26 00:00:00+00:00,7.974750000000012e-06,-0.020243455436987346,0.005510437790997151,-0.0
2026-05-27 00:00:00+00:00,-1.666874999999998e-05,-0.022503867995298434,-0.0014895031847625127,-0.022503867995298434
2026-05-28 00:00:00+00:00,-2.8417833333333338e-05,0.008828925520353127,0.002274712634262514,0.008828925520353127
2026-05-29 00:00:00+00:00,-4.270858333333332e-05,0.013717629968329098,0.006863957285788711,0.013717629968329098
2026-05-30 00:00:00+00:00,-5.3566666666666656e-05,0.004826439365651132,0.0034006312815105045,0.004826439365651132
