strategy,年初至今.days,年初至今.start,年初至今.end,年初至今.cum,年初至今.ann,年初至今.sharpe,年初至今.mdd,年初至今.win,七月初至今.days,七月初至今.start,七月初至今.end,七月初至今.cum,七月初至今.ann,七月初至今.sharpe,七月初至今.mdd,七月初至今.win,近15天.days,近15天.start,近15天.end,近15天.cum,近15天.ann,近15天.sharpe,近15天.mdd,近15天.win
基准·宽池等权,226,2026-01-01,2026-08-14,-0.3945327111033926,-0.5553003230155238,-0.9395192407014681,-0.48130031513176197,0.4646017699115044,45,2026-07-01,2026-08-14,-0.014016141523203074,-0.1081797926185013,-0.35126408141512505,-0.09598532531466375,0.4666666666666667,14,2026-08-01,2026-08-14,0.012760624233363327,0.39177921349943357,1.9466111190457218,-0.03355664037097905,0.5714285714285714
基准·大币池等权,226,2026-01-01,2026-08-14,-0.4102340329689861,-0.5737763137201654,-1.0569046613674118,-0.48177129130537855,0.45132743362831856,45,2026-07-01,2026-08-14,-0.0019927849952824372,-0.016049637027270358,-0.04791663537919464,-0.07995988556557176,0.4888888888888889,14,2026-08-01,2026-08-14,-0.01002582557312337,-0.2310326229101788,-1.079341249651185,-0.0390000199386229,0.5
基准·BTC 买入持有,226,2026-01-01,2026-08-14,-0.28988415453386296,-0.4247056810052361,-0.9372374218540465,-0.3953209523332121,0.47345132743362833,45,2026-07-01,2026-08-14,0.0510130947620957,0.49715208383687304,1.9110814184650589,-0.05608075946689217,0.5333333333333333,14,2026-08-01,2026-08-14,0.0041762941465985914,0.11477793544895643,0.8431904098601152,-0.029540689565996203,0.5
理想反转(宽),226,2026-01-01,2026-08-14,0.0797139170944241,0.131866022956046,0.48202136571590837,-0.1644226172602813,0.5,45,2026-07-01,2026-08-14,0.13755829486878324,1.8445173587878378,6.66517873426121,-0.045090497007788444,0.5333333333333333,14,2026-08-01,2026-08-14,0.06138933185123596,3.727057298506101,9.273456719927927,-0.045090497007788555,0.5
截面动量(宽),226,2026-01-01,2026-08-14,-0.28348675876982454,-0.416312073243025,-1.2152834788119224,-0.3830108284717395,0.4424778761061947,45,2026-07-01,2026-08-14,-0.07663481882082768,-0.47623007020916774,-1.570837570687305,-0.13114352719476785,0.4666666666666667,14,2026-08-01,2026-08-14,0.038433856268968114,1.6731278652119688,4.420460211892121,-0.047019971476903955,0.5
低价位振幅(宽),226,2026-01-01,2026-08-14,0.5792016509585745,1.091633010074708,3.285370310622192,-0.11449628716381755,0.6283185840707964,45,2026-07-01,2026-08-14,-0.03602659100521266,-0.257408654206548,-0.8702068344325915,-0.11449628716381766,0.6666666666666666,14,2026-08-01,2026-08-14,-0.0886678203417397,-0.9111384030709216,-2.703599381360216,-0.10117026772133919,0.6428571428571429
主动买入率(大),226,2026-01-01,2026-08-14,0.07758279731371442,0.12826011319880415,0.4400843380708257,-0.2661510808861879,0.5530973451327433,45,2026-07-01,2026-08-14,0.025337282011792528,0.2250150039209109,0.9951930323059027,-0.08264926242869175,0.5333333333333333,14,2026-08-01,2026-08-14,0.025456441077154723,0.9258721431021724,5.532408653679097,-0.018058515348019277,0.5714285714285714
大额主动买(大),226,2026-01-01,2026-08-14,-0.023156036531440494,-0.03713091479868191,-0.1323998715434103,-0.3068001658240219,0.5752212389380531,45,2026-07-01,2026-08-14,0.05368256984322706,0.5282755962746983,2.589616659822346,-0.0542557395065284,0.5333333333333333,14,2026-08-01,2026-08-14,0.03294039101795354,1.327888283503715,8.030874229939993,-0.01618774296613723,0.5714285714285714
资金费率(大),212,2026-01-01,2026-07-31,0.4688305802463213,0.9385404642150825,3.4381636660401105,-0.11206929858499859,0.5566037735849056,31,2026-07-01,2026-07-31,0.031065771356402427,0.4336273844929661,1.9571466182403372,-0.04741738301754417,0.6129032258064516,0,,,,,,,
持仓量变化(大),226,2026-01-01,2026-08-14,1.015048356140424,2.1005197506006694,6.253479377581068,-0.1417081521947784,0.5663716814159292,45,2026-07-01,2026-08-14,0.22905445505005062,4.327474138497711,15.614472173349208,-0.04258684886240527,0.6,14,2026-08-01,2026-08-14,0.11670971810191166,16.77755339965031,66.83250211624255,-0.029989909087414945,0.7142857142857143
散户多空比(大),226,2026-01-01,2026-08-14,0.08645035991629157,0.14329304797714815,0.5509101120867933,-0.16798967851771285,0.5221238938053098,45,2026-07-01,2026-08-14,-0.048927143754070146,-0.33428306365766225,-1.6753004440492159,-0.09467537812669069,0.4888888888888889,14,2026-08-01,2026-08-14,-0.07133533709114115,-0.8547767551155747,-4.720799297417747,-0.08693477983803977,0.35714285714285715
大户多空比(大),226,2026-01-01,2026-08-14,-0.4626496170120842,-0.6332635908506488,-2.064697554388506,-0.4573375516129671,0.42920353982300885,45,2026-07-01,2026-08-14,-0.0256168374943595,-0.18981179233916856,-0.7612316230180721,-0.09431382124274768,0.4888888888888889,14,2026-08-01,2026-08-14,-0.00990287279851132,-0.22853881201671566,-1.1654873710280285,-0.022948555545354354,0.5714285714285714
理想反转,226,2026-01-01,2026-08-14,0.04690787785569661,0.07684465428457554,0.27889812442720613,-0.1606425643202568,0.5,45,2026-07-01,2026-08-14,0.1351057485250451,1.7951539431592671,6.501067251608861,-0.04509049700778822,0.5333333333333333,14,2026-08-01,2026-08-14,0.06138933185123596,3.727057298506101,9.273456719927927,-0.045090497007788555,0.5
截面动量,226,2026-01-01,2026-08-14,-0.25079073881815217,-0.37269533387091835,-1.078333126216101,-0.37700771639853514,0.45132743362831856,45,2026-07-01,2026-08-14,-0.07434497726961664,-0.4656012602954449,-1.537523297175243,-0.1289564595471111,0.4666666666666667,14,2026-08-01,2026-08-14,0.038433856268968114,1.6731278652119688,4.420460211892121,-0.047019971476903955,0.5
低价位振幅,226,2026-01-01,2026-08-14,0.4051001215793091,0.732023495051451,2.1995141841494483,-0.11661071028797221,0.6061946902654868,45,2026-07-01,2026-08-14,-0.04199252984132795,-0.29387588789688335,-0.9924753227066566,-0.1166107102879721,0.6666666666666666,14,2026-08-01,2026-08-14,-0.0886678203417397,-0.9111384030709216,-2.703599381360216,-0.10117026772133919,0.6428571428571429
主动买入率,226,2026-01-01,2026-08-14,0.0914251565183759,0.1517598261638049,0.5208869162143761,-0.26350576681135285,0.5619469026548672,45,2026-07-01,2026-08-14,0.027869925125183936,0.24977471650581995,1.1078661403362067,-0.0808567331046609,0.5555555555555556,14,2026-08-01,2026-08-14,0.025456441077154723,0.9258721431021724,5.532408653679097,-0.018058515348019277,0.5714285714285714
大额主动买,226,2026-01-01,2026-08-14,-0.015036151724315272,-0.024171544346327622,-0.08612352351943629,-0.30383170377877633,0.5796460176991151,45,2026-07-01,2026-08-14,0.0558485800506856,0.5539445801912193,2.726811842646695,-0.05276001207091552,0.5555555555555556,14,2026-08-01,2026-08-14,0.03294039101795354,1.327888283503715,8.030874229939993,-0.01618774296613723,0.5714285714285714
资金费率,212,2026-01-01,2026-07-31,0.6016720001644638,1.250162862575984,4.58659973988561,-0.10768521919051943,0.5707547169811321,31,2026-07-01,2026-07-31,0.04080382345203826,0.6014173986996048,2.7224284450012903,-0.04556335865469441,0.6129032258064516,0,,,,,,,
持仓量变化,226,2026-01-01,2026-08-14,1.0186038390296281,2.109360062423652,6.297329934676366,-0.1400559980976841,0.5663716814159292,45,2026-07-01,2026-08-14,0.2264464440026548,4.236469158008766,15.281346682392414,-0.04375006148537197,0.6,14,2026-08-01,2026-08-14,0.11670971810191166,16.77755339965031,66.83250211624255,-0.029989909087414945,0.7142857142857143
散户多空比,226,2026-01-01,2026-08-14,0.12800703550506842,0.2147471400337182,0.8307741457682135,-0.1476262143319269,0.5309734513274337,45,2026-07-01,2026-08-14,-0.04591742814990207,-0.3170019319497942,-1.5853409778322325,-0.09416510151220947,0.4888888888888889,14,2026-08-01,2026-08-14,-0.07133533709114115,-0.8547767551155747,-4.720799297417747,-0.08693477983803977,0.35714285714285715
大户多空比,226,2026-01-01,2026-08-14,-0.4763245571609619,-0.6482184678729042,-2.1134322108281745,-0.4710728379850384,0.42920353982300885,45,2026-07-01,2026-08-14,-0.0296838641082543,-0.216837389289253,-0.8709931684146072,-0.09612329296100719,0.4888888888888889,14,2026-08-01,2026-08-14,-0.00990287279851132,-0.22853881201671566,-1.1654873710280285,-0.022948555545354354,0.5714285714285714
理想反转,226,2026-01-01,2026-08-14,-0.04940884515372046,-0.07857718157352878,-0.47447722085567523,-0.16462105493330492,0.4646017699115044,45,2026-07-01,2026-08-14,0.042082532108542514,0.3970310310764551,2.048277493842307,-0.05053746167979234,0.4666666666666667,14,2026-08-01,2026-08-14,0.060007526167465075,3.569202978280159,12.790572942705333,-0.012745530669585614,0.5
截面动量,226,2026-01-01,2026-08-14,-0.1953449000493621,-0.296027654119455,-1.190014188122689,-0.2828203360226431,0.42035398230088494,45,2026-07-01,2026-08-14,-0.03363227709918526,-0.24231535774252322,-1.0955651653106413,-0.09318944567987131,0.4222222222222222,14,2026-08-01,2026-08-14,0.05818753495441764,3.3690111278699773,11.17170050546636,-0.012971052102466185,0.42857142857142855
低价位振幅,226,2026-01-01,2026-08-14,0.09359035328829202,0.15545227566210018,1.0309307276190283,-0.05574021229901649,0.5309734513274337,45,2026-07-01,2026-08-14,-0.03667147743864263,-0.26142855723975456,-2.5708833685125754,-0.051567097960233066,0.4,14,2026-08-01,2026-08-14,-0.02120050006593366,-0.42803102022943806,-6.095390475226302,-0.029303445125407057,0.35714285714285715
主动买入率,226,2026-01-01,2026-08-14,0.018623561771952568,0.03024972801233461,0.1587930148585364,-0.14716579690755804,0.504424778761062,45,2026-07-01,2026-08-14,-0.02927166373199208,-0.21413477870608655,-1.2944409137137107,-0.0849928372442923,0.4222222222222222,14,2026-08-01,2026-08-14,0.0124829199315859,0.3818636165055094,2.395944242742699,-0.026978184903793223,0.42857142857142855
大额主动买,226,2026-01-01,2026-08-14,-0.1338312202069183,-0.20708740130699776,-1.0507649405726174,-0.29405274939620074,0.5176991150442478,45,2026-07-01,2026-08-14,-0.023137892046434683,-0.17294103542290928,-1.127028372945534,-0.07879076101305382,0.4444444444444444,14,2026-08-01,2026-08-14,0.027064657451498775,1.0061842654708468,7.135119651992829,-0.015244025061579958,0.5
资金费率,212,2026-01-01,2026-07-31,0.2667856831642086,0.5025322884421035,2.679056249626937,-0.06115736343223588,0.5801886792452831,31,2026-07-01,2026-07-31,0.014718234635816119,0.18771633770744778,1.132916002266544,-0.03546075209604049,0.6129032258064516,0,,,,,,,
持仓量变化,226,2026-01-01,2026-08-14,0.4699000834966782,0.8628471540414433,4.037889510152539,-0.062175781028982136,0.5663716814159292,45,2026-07-01,2026-08-14,0.12442203923345585,1.5887708627036248,10.048503819245603,-0.015517667925532885,0.6222222222222222,14,2026-08-01,2026-08-14,0.030713959691271775,1.20054649439869,9.933616890092551,-0.01509438772407834,0.5714285714285714
散户多空比,226,2026-01-01,2026-08-14,0.057398097476151655,0.09432492184918595,0.4982275749488773,-0.1365248705583414,0.4823008849557522,45,2026-07-01,2026-08-14,-0.044156881653447,-0.30671200904417373,-1.933490910569178,-0.07185637519857302,0.4222222222222222,14,2026-08-01,2026-08-14,-0.05519136964362259,-0.7723964715781487,-4.7685839673178805,-0.05735007290783378,0.2857142857142857
大户多空比,226,2026-01-01,2026-08-14,-0.21748471009860082,-0.3270447102405669,-2.258287439009652,-0.214877865369267,0.4336283185840708,45,2026-07-01,2026-08-14,-0.01577039453211615,-0.12096871654018515,-0.9133538936304227,-0.062278804174839664,0.4444444444444444,14,2026-08-01,2026-08-14,-0.009621476986215183,-0.22280205035130363,-2.11126603917039,-0.01935554195630851,0.5
产品A·宽池top15·纯现货多头,212,2026-01-01,2026-07-31,-0.40168146570303254,-0.5870047745158996,-1.0410296668112415,-0.4772972601366221,0.45754716981132076,31,2026-07-01,2026-07-31,-0.09385661591228889,-0.6866510108960631,-2.1666379144991836,-0.14422097308240422,0.3225806451612903,0,,,,,,,
产品A·宽池top15·对冲beta,212,2026-01-01,2026-07-31,-0.02233803232314524,-0.038148693412675905,-0.205714374627963,-0.13932550925292908,0.45754716981132076,31,2026-07-01,2026-07-31,-0.0671461384545492,-0.5588567439189552,-3.9165495865522457,-0.07550761293140351,0.2903225806451613,0,,,,,,,
产品B·大币top8·纯现货多头,212,2026-01-01,2026-07-31,-0.36511353882324293,-0.5425936504966422,-1.0601386870508687,-0.4436063206517217,0.4339622641509434,31,2026-07-01,2026-07-31,-0.06113972350148289,-0.5242284698134186,-1.447337830455847,-0.11506643678740058,0.3870967741935484,0,,,,,,,
产品B·大币top8·对冲beta,212,2026-01-01,2026-07-31,0.045792961706102586,0.08013900755193926,0.6329149976043825,-0.09597473462536354,0.5660377358490566,31,2026-07-01,2026-07-31,-0.06933553778929558,-0.5708943046944692,-7.916556456735328,-0.05621803629252364,0.3225806451612903,0,,,,,,,
