group,strategy,2026-06,2026-06.days,2026-07,2026-07.days,2026-08,2026-08.days,2026-09,2026-09.days
① 市场基准,基准·宽池等权,-0.20758517191666193,30,-0.026439382728604466,31,0.21093547362088083,31,0.3480224713412481,28
① 市场基准,基准·大币池等权,-0.20507767079381045,30,0.008114394077493037,31,0.1955940676719179,31,0.3571151046362533,28
① 市场基准,基准·BTC 买入持有,-0.15943250771262374,30,0.04664200986272182,31,0.2326410886093202,31,0.08038146153746761,28
"② 单因子多空 (理想口径, 单边5bps)",理想反转(宽),-0.051080432145611976,30,0.07176345261045358,31,-0.05241117672311402,31,0.018788981889245937,28
"② 单因子多空 (理想口径, 单边5bps)",截面动量(宽),-0.14571498671795946,30,-0.11080982615804802,31,-0.04071046397246414,31,-0.07785793330505297,28
"② 单因子多空 (理想口径, 单边5bps)",低价位振幅(宽),0.05430926483494325,30,0.0577629436461542,31,-0.0967984687390685,31,-0.10350912782720434,28
"② 单因子多空 (理想口径, 单边5bps)",主动买入率(大),-0.001941213409275111,30,-0.00011620100141629397,31,0.14442012211098554,31,-0.12122681269785263,28
"② 单因子多空 (理想口径, 单边5bps)",大额主动买(大),-0.02845459941894657,30,0.020080712309867632,31,0.07666096074779238,31,-0.18408143770670948,28
"② 单因子多空 (理想口径, 单边5bps)",资金费率(大),-0.06653440777619002,30,0.031065771356402427,31,-0.10062845916384533,31,,0
"② 单因子多空 (理想口径, 单边5bps)",持仓量变化(大),-0.04529625817407612,30,0.10060334850411534,31,0.18033672028478076,31,-0.0790992229068831,28
"② 单因子多空 (理想口径, 单边5bps)",散户多空比(大),0.07888950429886155,30,0.024129477767444563,31,-0.03471512280574418,31,0.048170634536737644,28
"② 单因子多空 (理想口径, 单边5bps)",大户多空比(大),-0.04217157884788547,30,-0.015871134522189467,31,-0.021163422379917862,31,0.2598426807328702,28
③a 多空·计提 funding,理想反转,-0.048529288654767244,30,0.06955346466348034,31,-0.0507017945665702,31,0.018788981889245937,28
③a 多空·计提 funding,截面动量,-0.1449774395617408,30,-0.10863937980797211,31,-0.029024978487333764,31,-0.07785793330505297,28
③a 多空·计提 funding,低价位振幅,0.05166042515658309,30,0.05120521477596629,31,-0.1162675956296092,31,-0.10350912782720434,28
③a 多空·计提 funding,主动买入率,0.0033966378532819252,30,0.0024918056156175705,31,0.1452367873900713,31,-0.12122681269785263,28
③a 多空·计提 funding,大额主动买,-0.025076486716460678,30,0.022313719185263592,31,0.07694314505845479,31,-0.18408143770670948,28
③a 多空·计提 funding,资金费率,-0.05436382323826883,30,0.041052360780430064,31,-0.09486083515542665,31,,0
③a 多空·计提 funding,持仓量变化,-0.04495115148202011,30,0.09803387745527292,31,0.17990897028237152,31,-0.0790992229068831,28
③a 多空·计提 funding,散户多空比,0.0852182911059931,30,0.027467351927360717,31,-0.03253509632071672,31,0.048170634536737644,28
③a 多空·计提 funding,大户多空比,-0.04946050483164255,30,-0.019915019778256604,31,-0.02206553183076676,31,0.2598426807328702,28
③b 纯多头现货超额,理想反转,-0.03309291004787507,30,-0.016910251688241784,31,0.053193537375729294,31,0.021908496622458307,28
③b 纯多头现货超额,截面动量,-0.1075683363284693,30,-0.08677083127572327,31,-0.0057686819826267,31,-0.04224608817357056,28
③b 纯多头现货超额,低价位振幅,0.009151965890860092,30,-0.015806074046575525,31,-0.04218315409321438,31,-0.050277135720730004,28
③b 纯多头现货超额,主动买入率,0.02375025193963176,30,-0.04123979065878891,31,0.07360875825802893,31,-0.0570892142538878,28
③b 纯多头现货超额,大额主动买,-0.004032648962081331,30,-0.04887963881699808,31,0.07414644488334377,31,-0.1129604282560075,28
③b 纯多头现货超额,资金费率,0.04629698360136558,30,0.014718234635816119,31,-0.003997483072649688,31,,0
③b 纯多头现货超额,持仓量变化,-0.004921670521383481,30,0.0909156984448456,31,0.027039573358957236,31,-0.04978174867535767,28
③b 纯多头现货超额,散户多空比,0.1013591925628925,30,0.011679071968270671,31,-0.007522061068601982,31,-0.06382506374501962,28
③b 纯多头现货超额,大户多空比,0.012134981622490715,30,-0.006208653967161304,31,-0.04768611941034717,31,0.06850224066748134,28
④ 可交付产品 (周调仓·15bps),产品A·宽池top15·纯现货多头,-0.2075966331395772,30,-0.09385661591228889,31,0.2716583014317471,31,,0
④ 可交付产品 (周调仓·15bps),产品A·宽池top15·对冲beta,-0.004130941383897135,30,-0.0671461384545492,31,0.046585742443983724,31,,0
④ 可交付产品 (周调仓·15bps),产品B·大币top8·纯现货多头,-0.16875989915994705,30,-0.06113972350148289,31,0.14997120841667,31,,0
④ 可交付产品 (周调仓·15bps),产品B·大币top8·对冲beta,0.045729641805575705,30,-0.06933553778929558,31,-0.03974455156933576,31,,0
