strategy,全样本.days,全样本.start,全样本.end,全样本.cum,全样本.ann,全样本.sharpe,全样本.mdd,全样本.win,旧窗(截至上次更新).days,旧窗(截至上次更新).start,旧窗(截至上次更新).end,旧窗(截至上次更新).cum,旧窗(截至上次更新).ann,旧窗(截至上次更新).sharpe,旧窗(截至上次更新).mdd,旧窗(截至上次更新).win,新增(上次更新以来).days,新增(上次更新以来).start,新增(上次更新以来).end,新增(上次更新以来).cum,新增(上次更新以来).ann,新增(上次更新以来).sharpe,新增(上次更新以来).mdd,新增(上次更新以来).win
基准·宽池等权,787,2024-06-01,2026-07-27,-0.8105638319029448,-0.5377286002802051,-0.6770184693220568,-0.8767511845998406,0.49047013977128334,730,2024-06-01,2026-05-31,-0.7604910931794299,-0.510603527985162,-0.6284671509726488,-0.8650807184856968,0.4945205479452055,57,2026-06-01,2026-07-27,-0.20906420303202888,-0.7772865303517644,-1.5426686920738268,-0.1781088872629133,0.43859649122807015
基准·大币池等权,787,2024-06-01,2026-07-27,-0.5485724400981404,-0.3084834174705944,-0.44898773159653466,-0.7656810537977866,0.4891994917407878,730,2024-06-01,2026-05-31,-0.4464828519010119,-0.2560126693961865,-0.36588701670187257,-0.7349233030073243,0.4931506849315068,57,2026-06-01,2026-07-27,-0.18443798633474595,-0.7289720653857903,-1.4747913122413214,-0.1583069876703469,0.43859649122807015
基准·BTC 买入持有,787,2024-06-01,2026-07-27,-0.056839738013495844,-0.026775362701940475,-0.05912419666023928,-0.5297176591351059,0.49555273189326554,730,2024-06-01,2026-05-31,0.05374382902555053,0.026520252613435158,0.05793416917716284,-0.4953425573570811,0.4986301369863014,57,2026-06-01,2026-07-27,-0.1049435014402963,-0.5083297453385929,-1.328255103062355,-0.1218696651914003,0.45614035087719296
理想反转(宽),786,2024-06-02,2026-07-27,0.20282233255258442,0.08954128493681845,0.32770643701418606,-0.2440181863586176,0.5152671755725191,729,2024-06-02,2026-05-31,0.19364798196830768,0.09267463413984522,0.3349726536175632,-0.2440181863586176,0.5157750342935528,57,2026-06-01,2026-07-27,0.00768597670575244,0.05025085132505236,0.22350476596671648,-0.09212334795094268,0.5087719298245614
截面动量(宽),777,2024-06-11,2026-07-27,-0.44390279924200926,-0.24092768585480584,-0.6358622361868848,-0.5277588518455891,0.4774774774774775,720,2024-06-11,2026-05-31,-0.2685081141434025,-0.1465820620676691,-0.38293322966574095,-0.4218645325991126,0.48333333333333334,57,2026-06-01,2026-07-27,-0.23977666531900732,-0.8271752633638796,-2.621964998602155,-0.2546684185361433,0.40350877192982454
低价位振幅(宽),786,2024-06-02,2026-07-27,1.9562845095578818,0.6542590840054205,1.575442702890771,-0.37151242011139474,0.5623409669211196,729,2024-06-02,2026-05-31,1.6984246648507937,0.643807035893406,1.5421335283244906,-0.37151242011139474,0.5596707818930041,57,2026-06-01,2026-07-27,0.09555940103347194,0.7939445902705284,2.0561403729368446,-0.08051981038934397,0.5964912280701754
主动买入率(大),786,2024-06-02,2026-07-27,0.3810685229755981,0.16174996760523297,0.4551998173405003,-0.33284813657689505,0.5241730279898219,729,2024-06-02,2026-05-31,0.2856484631720886,0.13405981406997336,0.3718786215393245,-0.33284813657689505,0.5185185185185185,57,2026-06-01,2026-07-27,0.07421940175472086,0.581627644216703,2.0715683797952997,-0.11758109223949875,0.5964912280701754
大额主动买(大),786,2024-06-02,2026-07-27,0.6217761582822874,0.25174211255730206,0.746978634521088,-0.33232133777204986,0.5330788804071247,729,2024-06-02,2026-05-31,0.5552779390795963,0.24748565825456503,0.7275692865370147,-0.33232133777204986,0.5294924554183813,57,2026-06-01,2026-07-27,0.042756485854896775,0.30747790466393043,1.0461892520315146,-0.1416226858873041,0.5789473684210527
资金费率(大),759,2024-06-02,2026-06-30,1.2662656810591564,0.48206592800538917,1.1942181789167798,-0.2867946695299993,0.5335968379446641,729,2024-06-02,2026-05-31,1.4277977677358158,0.559087393729276,1.3755219635588343,-0.2867946695299993,0.5377229080932785,30,2026-06-01,2026-06-30,-0.06653440777619002,-0.5672907708622803,-1.762979834706538,-0.08041373562516063,0.43333333333333335
持仓量变化(大),570,2025-01-04,2026-07-27,0.11897589056051827,0.07463850322474852,0.19657327889364332,-0.4611148314996809,0.5,513,2025-01-04,2026-05-31,0.10112352120050772,0.07094306546241014,0.1855757477945776,-0.4611148314996809,0.49317738791423,57,2026-06-01,2026-07-27,0.016212867145501075,0.10847657820397227,0.3050906993297262,-0.13219795064533502,0.5614035087719298
散户多空比(大),572,2025-01-02,2026-07-27,0.8107717187758312,0.46064909631576567,1.4026827972299472,-0.251621305878577,0.5472027972027972,515,2025-01-02,2026-05-31,0.6497286612625246,0.42589808176963695,1.2741642972893354,-0.251621305878577,0.5495145631067961,57,2026-06-01,2026-07-27,0.09761790608042253,0.8156390183381061,3.0251210670174102,-0.06789455961751933,0.5263157894736842
大户多空比(大),572,2025-01-02,2026-07-27,-0.5821838672508255,-0.42701117299157487,-1.284834595135056,-0.6246563902182438,0.4493006993006993,515,2025-01-02,2026-05-31,-0.570257374624133,-0.45040733483269135,-1.3508056096895145,-0.6066979747125303,0.44854368932038835,57,2026-06-01,2026-07-27,-0.027752640586354405,-0.16491928543122059,-0.5126726798870563,-0.09589834554381982,0.45614035087719296
理想反转,786,2024-06-02,2026-07-27,0.09711225268430046,0.043978734877943015,0.16040243893795816,-0.25603909004325165,0.5178117048346056,729,2024-06-02,2026-05-31,0.08606682763659701,0.04220431628948984,0.15198523258147298,-0.25603909004325165,0.5185185185185185,57,2026-06-01,2026-07-27,0.010170115472304397,0.06694080253673551,0.29816946352141516,-0.09124666443966645,0.5087719298245614
截面动量,777,2024-06-11,2026-07-27,-0.3829058972916247,-0.20289336971491712,-0.5336685417796372,-0.47664167509676036,0.48133848133848134,720,2024-06-11,2026-05-31,-0.18918404109471287,-0.10085722280324216,-0.2625487170823512,-0.3933843978502394,0.4861111111111111,57,2026-06-01,2026-07-27,-0.23892210565078487,-0.8259274654914956,-2.6210448783814555,-0.2538909689953813,0.42105263157894735
低价位振幅,786,2024-06-02,2026-07-27,1.390734720106252,0.49892918499552263,1.1997207924781423,-0.3763330808457642,0.5534351145038168,729,2024-06-02,2026-05-31,1.186992178457864,0.47964219052488244,1.1471621708267696,-0.3763330808457642,0.5500685871056241,57,2026-06-01,2026-07-27,0.09316107467382673,0.7689450852545552,1.9922088501363249,-0.08035667920935907,0.5964912280701754
主动买入率,786,2024-06-02,2026-07-27,0.4182705058813878,0.17617883508230325,0.4959288105087244,-0.32856977429246725,0.5267175572519084,729,2024-06-02,2026-05-31,0.313560377359013,0.14632103382691608,0.4060097152900789,-0.32856977429246725,0.5198902606310014,57,2026-06-01,2026-07-27,0.07971474347673313,0.6341603790642112,2.257627041060868,-0.114568148058112,0.6140350877192983
大额主动买,786,2024-06-02,2026-07-27,0.6410895416292246,0.2586425039363973,0.7678441063941814,-0.328645051004098,0.5330788804071247,729,2024-06-02,2026-05-31,0.5687090526078131,0.25286800392747777,0.7438129714105912,-0.328645051004098,0.5294924554183813,57,2026-06-01,2026-07-27,0.04614016149207956,0.3348852575199941,1.1389360689010986,-0.14017587408594834,0.5789473684210527
资金费率,759,2024-06-02,2026-06-30,1.9617980544263967,0.685656528054126,1.6932224826532152,-0.27353831908959947,0.5480895915678524,729,2024-06-02,2026-05-31,2.1329905761721535,0.7714125134718108,1.8916040508564584,-0.27353831908959947,0.5500685871056241,30,2026-06-01,2026-06-30,-0.054641888503512925,-0.4952352887463859,-1.5430042539344986,-0.07740807194775112,0.5
持仓量变化,570,2025-01-04,2026-07-27,0.11928717562544033,0.07482992715871895,0.19685769730691413,-0.4643326516311058,0.5,513,2025-01-04,2026-05-31,0.10106420835722596,0.07090202067972928,0.1851617173388507,-0.4643326516311058,0.49317738791423,57,2026-06-01,2026-07-27,0.016550322070138845,0.11083578094263191,0.31314144851377085,-0.13032612493468365,0.5614035087719298
散户多空比,572,2025-01-02,2026-07-27,0.9091308069154094,0.5107916980718861,1.5587318733118543,-0.24919383842798748,0.5541958041958042,515,2025-01-02,2026-05-31,0.7291020081562525,0.4741866529033738,1.4223270295532915,-0.24919383842798748,0.5572815533980583,57,2026-06-01,2026-07-27,0.104116933477582,0.8855905009389011,3.2717868784214033,-0.0672862855567895,0.5263157894736842
大户多空比,572,2025-01-02,2026-07-27,-0.616611339956772,-0.45760551625658186,-1.3777743087423622,-0.6547523555704323,0.4423076923076923,515,2025-01-02,2026-05-31,-0.6027576522723037,-0.48020095200719637,-1.4414582787754247,-0.6353898906109221,0.4407766990291262,57,2026-06-01,2026-07-27,-0.034874649602978924,-0.20332399686516733,-0.6309335519015244,-0.09795882280728563,0.45614035087719296
理想反转,786,2024-06-02,2026-07-27,-0.2180291231469944,-0.10792738982824723,-0.70665891854744,-0.28259234385370124,0.45674300254452926,729,2024-06-02,2026-05-31,-0.17365816766977005,-0.09108545844332994,-0.5959064981304208,-0.2598449926786245,0.4567901234567901,57,2026-06-01,2026-07-27,-0.05369564233738666,-0.29771519221043763,-1.97700898426031,-0.10441819233440663,0.45614035087719296
截面动量,777,2024-06-11,2026-07-27,-0.36163861890468796,-0.19010452638088504,-0.8144982946341112,-0.4093771290688599,0.45302445302445304,720,2024-06-11,2026-05-31,-0.2171720339590396,-0.11672744182316375,-0.49879474799113477,-0.3296466178924964,0.45694444444444443,57,2026-06-01,2026-07-27,-0.18454448641668653,-0.7291986194181148,-3.353897812823138,-0.20973240953958294,0.40350877192982454
低价位振幅,786,2024-06-02,2026-07-27,0.5968121678816689,0.242757297746373,1.200820884982038,-0.15891127154808704,0.5407124681933843,729,2024-06-02,2026-05-31,0.6061570369734812,0.2677544581102167,1.303561160492506,-0.15891127154808704,0.5486968449931413,57,2026-06-01,2026-07-27,-0.005818154063827352,-0.03667593253477075,-0.23793327968859196,-0.04084978266583783,0.43859649122807015
主动买入率,786,2024-06-02,2026-07-27,0.20390865629287291,0.08999812774138971,0.365275272003819,-0.2435545989981015,0.4860050890585242,729,2024-06-02,2026-05-31,0.16794987488860325,0.08083237895176842,0.32344565185304636,-0.2435545989981015,0.48559670781893005,57,2026-06-01,2026-07-27,0.03078794918977068,0.21431102194677765,1.095111324710136,-0.07407492304936703,0.49122807017543857
大额主动买,786,2024-06-02,2026-07-27,0.016564447321207876,0.007658304379363878,0.03095295885631783,-0.29405274939620085,0.5050890585241731,729,2024-06-02,2026-05-31,0.035734647052123814,0.01773500114566784,0.07058023880588073,-0.28318305744168626,0.5089163237311386,57,2026-06-01,2026-07-27,-0.018508794492371083,-0.11275293485455762,-0.5896964033078474,-0.08340268227439263,0.45614035087719296
资金费率,759,2024-06-02,2026-06-30,0.4718879679494996,0.20428779258135532,0.7865035273029216,-0.19450313114026607,0.5270092226613966,729,2024-06-02,2026-05-31,0.406759257666256,0.18634649251631275,0.7120980323753894,-0.19450313114026607,0.5198902606310014,30,2026-06-01,2026-06-30,0.04629698360136558,0.7343450624642702,3.56349023532988,-0.04243793740788504,0.7
持仓量变化,570,2025-01-04,2026-07-27,0.12716685989855914,0.07966916150193959,0.32487999552193003,-0.3387469551507949,0.49122807017543857,513,2025-01-04,2026-05-31,0.06231651718847342,0.043950002519840714,0.1773322153325219,-0.3387469551507949,0.4756335282651072,57,2026-06-01,2026-07-27,0.06104615871145169,0.46146921384203443,2.100436961080187,-0.060339931087954546,0.631578947368421
散户多空比,572,2025-01-02,2026-07-27,0.4263342118421305,0.25432605753566073,1.0459815223319855,-0.17547002851535887,0.5017482517482518,515,2025-01-02,2026-05-31,0.28621955063693005,0.1952967954243705,0.7901946267845019,-0.17547002851535887,0.49902912621359224,57,2026-06-01,2026-07-27,0.1089352600306972,0.9389079820504276,4.646841374757917,-0.04441087643497221,0.5263157894736842
大户多空比,572,2025-01-02,2026-07-27,-0.30488260748954277,-0.20710545286442905,-1.215868970902122,-0.359674778324804,0.4772727272727273,515,2025-01-02,2026-05-31,-0.3208669762006843,-0.2398487067187114,-1.3973924878973285,-0.3457412873324558,0.4796116504854369,57,2026-06-01,2026-07-27,0.023536432703151977,0.16063752635654072,1.0253121156469631,-0.032881289327977514,0.45614035087719296
产品A·宽池top15·纯现货多头,759,2024-06-02,2026-06-30,-0.703327853912379,-0.4425318552627714,-0.650371487197418,-0.8061674110888751,0.5098814229249012,729,2024-06-02,2026-05-31,-0.6256046371142211,-0.3885336103347935,-0.5678991564656173,-0.7914426020851911,0.51440329218107,30,2026-06-01,2026-06-30,-0.20759663313957732,-0.941045974555426,-1.6528864901681888,-0.17890679218451444,0.4
产品A·宽池top15·对冲beta,759,2024-06-02,2026-06-30,0.2199855877263488,0.10034182857403517,0.45020855611905397,-0.196719790139945,0.5177865612648221,729,2024-06-02,2026-05-31,0.22504618169550072,0.10697214235855879,0.47489444433764255,-0.196719790139945,0.5212620027434842,30,2026-06-01,2026-06-30,-0.004130941383897135,-0.049116649442910165,-0.3188532975372453,-0.027449438244962265,0.43333333333333335
产品B·大币top8·纯现货多头,545,2025-01-02,2026-06-30,-0.5090589143872408,-0.3790241344934737,-0.6626527510206914,-0.5937227379286467,0.48990825688073397,515,2025-01-02,2026-05-31,-0.40938714925252895,-0.31148453375769336,-0.5456160583427414,-0.5561296227494299,0.4970873786407767,30,2026-06-01,2026-06-30,-0.16875989915994705,-0.8944789953283945,-1.5347464574407792,-0.15022452046539292,0.36666666666666664
产品B·大币top8·对冲beta,545,2025-01-02,2026-06-30,0.4018494656721414,0.2538614447304297,1.2782879226516541,-0.11491634369889481,0.5651376146788991,515,2025-01-02,2026-05-31,0.34054674327838974,0.2308625151463708,1.1427684848993382,-0.11491634369889481,0.5611650485436893,30,2026-06-01,2026-06-30,0.045729641805575705,0.7229377713301721,5.786218830065526,-0.02040498735007834,0.6333333333333333
