group,strategy,年初至今.days,年初至今.start,年初至今.end,年初至今.cum,年初至今.ann,年初至今.sharpe,年初至今.mdd,年初至今.win,发布后(6月起).days,发布后(6月起).start,发布后(6月起).end,发布后(6月起).cum,发布后(6月起).ann,发布后(6月起).sharpe,发布后(6月起).mdd,发布后(6月起).win,上次复核后(8/15起).days,上次复核后(8/15起).start,上次复核后(8/15起).end,上次复核后(8/15起).cum,上次复核后(8/15起).ann,上次复核后(8/15起).sharpe,上次复核后(8/15起).mdd,上次复核后(8/15起).win,九月.days,九月.start,九月.end,九月.cum,九月.ann,九月.sharpe,九月.mdd,九月.win
① 市场基准,基准·宽池等权,271,2026-01-01,2026-09-28,-0.024107431786106526,-0.03233294506241169,-0.052087665747367146,-0.48130031513176197,0.4907749077490775,120,2026-06-01,2026-09-28,0.259313110450192,1.0163847896547278,1.7482781752076035,-0.18701263606931862,0.5166666666666667,45,2026-08-15,2026-09-28,0.6118006473848365,47.03139483226917,65.6078565548458,-0.09051064894934546,0.6222222222222222,28.0,2026-09-01,2026-09-28,0.3480224713412481,48.05629614487139,71.11020356440318,-0.08959651885401054,0.6428571428571429
① 市场基准,基准·大币池等权,271,2026-01-01,2026-09-28,-0.03337888427621938,-0.044694629021241994,-0.0771872116481362,-0.48177129130537855,0.4797047970479705,120,2026-06-01,2026-09-28,0.3002742073133615,1.2225743583135804,2.150277236042141,-0.1583069876703469,0.5083333333333333,45,2026-08-15,2026-09-28,0.6389910061950888,54.01161622526858,77.7472258222222,-0.09171629772620427,0.6222222222222222,28.0,2026-09-01,2026-09-28,0.3571151046362533,52.54922684536629,79.59782709160861,-0.09171629772620415,0.6428571428571429
① 市场基准,基准·BTC 买入持有,271,2026-01-01,2026-09-28,-0.05825569479364068,-0.07765942646631385,-0.16860628967846775,-0.3953209523332121,0.4907749077490775,120,2026-06-01,2026-09-28,0.17161390246873998,0.6188983139707445,1.5199310702809097,-0.1218696651914003,0.5083333333333333,45,2026-08-15,2026-09-28,0.3261840461934422,8.873088664855198,18.595311440050867,-0.0692243679953719,0.5777777777777777,28.0,2026-09-01,2026-09-28,0.08038146153746761,1.7396922910820356,4.121826041637398,-0.06922436799537157,0.5357142857142857
"② 单因子多空 (理想口径, 单边5bps)",理想反转(宽),271,2026-01-01,2026-09-28,-0.01793971072834455,-0.024086868545471485,-0.07877250169865968,-0.16442261726028118,0.5018450184501845,120,2026-06-01,2026-09-28,-0.018178552423726235,-0.05427348334156612,-0.15938574491374707,-0.13861254035852788,0.5083333333333333,45,2026-08-15,2026-09-28,-0.09044398361147565,-0.5364878723462516,-1.2452217686885796,-0.1313316391031223,0.5111111111111111,28.0,2026-09-01,2026-09-28,0.018788981889245937,0.2746291192590997,0.5612593283014776,-0.12334208209025799,0.5357142857142857
"② 单因子多空 (理想口径, 单边5bps)",截面动量(宽),271,2026-01-01,2026-09-28,-0.3896303606794925,-0.4856924016294756,-1.3603453067887143,-0.4392614216202626,0.4280442804428044,120,2026-06-01,2026-09-28,-0.32803758243468395,-0.7015710212385862,-1.9223373779762394,-0.35993533466526373,0.4083333333333333,45,2026-08-15,2026-09-28,-0.14813906540991528,-0.7275964214304596,-1.7289169674413478,-0.19223844148781066,0.35555555555555557,28.0,2026-09-01,2026-09-28,-0.07785793330505297,-0.6523720991717825,-1.304499786919299,-0.1263435000826839,0.42857142857142855
"② 单因子多空 (理想口径, 单边5bps)",低价位振幅(宽),271,2026-01-01,2026-09-28,0.4031090340517245,0.5780183944669324,1.645773094081143,-0.24237514078547795,0.6014760147601476,120,2026-06-01,2026-09-28,-0.09700175009579082,-0.2668136903844337,-0.6744820261849909,-0.24237514078547762,0.5583333333333333,45,2026-08-15,2026-09-28,-0.11150736626950852,-0.6167117353631958,-1.4452650477864428,-0.20162873754884159,0.4666666666666667,28.0,2026-09-01,2026-09-28,-0.10350912782720434,-0.7593413110774778,-1.5480073467713933,-0.20162873754884159,0.5357142857142857
"② 单因子多空 (理想口径, 单边5bps)",主动买入率(大),271,2026-01-01,2026-09-28,0.056807082344297655,0.07725607544599966,0.2312160668295881,-0.2661510808861879,0.5535055350553506,120,2026-06-01,2026-09-28,0.003616832884159482,0.011041869485005185,0.029736872472736316,-0.20868609071228594,0.5583333333333333,45,2026-08-15,2026-09-28,-0.019279924495090528,-0.14607232943745407,-0.29471475374884637,-0.20868609071228583,0.5555555555555556,28.0,2026-09-01,2026-09-28,-0.12122681269785263,-0.8144786196256282,-1.4805369382386664,-0.20868609071228594,0.4642857142857143
"② 单因子多空 (理想口径, 单边5bps)",大额主动买(大),271,2026-01-01,2026-09-28,-0.169239734129374,-0.2209868578107964,-0.6825964035603317,-0.34901245420442295,0.5498154981549815,120,2026-06-01,2026-09-28,-0.12939047229972767,-0.34391079935923696,-0.9354395105831121,-0.25979169992523454,0.5,45,2026-08-15,2026-09-28,-0.1495466042286041,-0.7312258186745535,-1.515089532706114,-0.25979169992523465,0.4222222222222222,28.0,2026-09-01,2026-09-28,-0.18408143770670948,-0.9294896119496431,-1.7759269895918475,-0.25918713367578783,0.35714285714285715
"② 单因子多空 (理想口径, 单边5bps)",资金费率(大),243,2026-01-01,2026-08-31,0.3210244221833969,0.5192003706476247,1.7343565812047756,-0.20780835804124886,0.5349794238683128,92,2026-06-01,2026-08-31,-0.13438689079236465,-0.4359220957461766,-1.2926675237578076,-0.17975556838943185,0.4782608695652174,17,2026-08-15,2026-08-31,-0.0704059607058296,-0.791436094673918,-1.486326919754358,-0.12178138443909847,0.35294117647058826,,,,,,,,
"② 单因子多空 (理想口径, 单边5bps)",持仓量变化(大),271,2026-01-01,2026-09-28,0.9613899003850139,1.47767121813457,3.8317909898712994,-0.176995452968007,0.5535055350553506,120,2026-06-01,2026-09-28,0.14213702967268604,0.4981647074230564,1.1256903400143126,-0.176995452968007,0.55,45,2026-08-15,2026-09-28,-0.02662886753655236,-0.1966120679675495,-0.3446590568536369,-0.17699545296800723,0.4888888888888889,28.0,2026-09-01,2026-09-28,-0.0790992229068831,-0.658422858415435,-0.9720615259573315,-0.1769954529680069,0.5
"② 单因子多空 (理想口径, 单边5bps)",散户多空比(大),271,2026-01-01,2026-09-28,0.18369130787418397,0.254995603061958,0.9509323575287655,-0.16798967851771285,0.5350553505535055,120,2026-06-01,2026-09-28,0.11794213670150344,0.4037037129330783,1.473540770861861,-0.12443549556396905,0.5416666666666666,45,2026-08-15,2026-09-28,0.0895033510462313,1.0043108190949486,3.301955560850768,-0.056266484005921935,0.6,28.0,2026-09-01,2026-09-28,0.048170634536737644,0.8464840595041312,2.3945107946265076,-0.05626648400592227,0.6428571428571429
"② 单因子多空 (理想口径, 单边5bps)",大户多空比(大),271,2026-01-01,2026-09-28,-0.33072243144613445,-0.4177420121893596,-1.2168383429391365,-0.48504901553575763,0.45018450184501846,120,2026-06-01,2026-09-28,0.16242835974840109,0.5806007447110706,1.5525532954080814,-0.15989957769757202,0.49166666666666664,45,2026-08-15,2026-09-28,0.24551426730613657,4.934497545242151,10.549463891699848,-0.08174202173064715,0.5555555555555556,28.0,2026-09-01,2026-09-28,0.2598426807328702,19.309295070231517,37.08324361288649,-0.04751248340947334,0.5714285714285714
③a 多空·计提 funding,理想反转,271,2026-01-01,2026-09-28,-0.04597107325447003,-0.061418069654267105,-0.19989238557321973,-0.1606425643202568,0.5018450184501845,120,2026-06-01,2026-09-28,-0.015796687510245877,-0.04727769109346747,-0.13892066096543432,-0.13707131885059942,0.5083333333333333,45,2026-08-15,2026-09-28,-0.08881657740834037,-0.5297181305789322,-1.2303166195580826,-0.13188272067662343,0.5111111111111111,28.0,2026-09-01,2026-09-28,0.018788981889245937,0.2746291192590997,0.5612593283014776,-0.12334208209025799,0.5357142857142857
③a 多空·计提 funding,截面动量,271,2026-01-01,2026-09-28,-0.3540285699170854,-0.4448846442093164,-1.2361443811800719,-0.4269308461394983,0.43911439114391143,120,2026-06-01,2026-09-28,-0.31760331338648173,-0.6872512377726533,-1.879374626786081,-0.3500489656041267,0.425,45,2026-08-15,2026-09-28,-0.1415567761528509,-0.7100472483758777,-1.6855696427708933,-0.1892429486634779,0.37777777777777777,28.0,2026-09-01,2026-09-28,-0.07785793330505297,-0.6523720991717825,-1.304499786919299,-0.1263435000826839,0.42857142857142855
③a 多空·计提 funding,低价位振幅,271,2026-01-01,2026-09-28,0.22149736470183679,0.30927953687836185,0.8796702336289669,-0.2604843131636725,0.5756457564575646,120,2026-06-01,2026-09-28,-0.12415008954346807,-0.33182487003787353,-0.8386418889742647,-0.26048431316367304,0.5416666666666666,45,2026-08-15,2026-09-28,-0.12225377581249786,-0.6527362723732235,-1.5306520411279128,-0.20162873754884159,0.4666666666666667,28.0,2026-09-01,2026-09-28,-0.10350912782720434,-0.7593413110774778,-1.5480073467713933,-0.20162873754884159,0.5357142857142857
③a 多空·计提 funding,主动买入率,271,2026-01-01,2026-09-28,0.07129411587720136,0.0971928321571709,0.2909655740052795,-0.26350576681135296,0.5608856088560885,120,2026-06-01,2026-09-28,0.01233804924947024,0.03800292988630738,0.10236648969985185,-0.20868609071228594,0.575,45,2026-08-15,2026-09-28,-0.019191482228620438,-0.14544750861779965,-0.2934413606482599,-0.20868609071228594,0.5555555555555556,28.0,2026-09-01,2026-09-28,-0.12122681269785263,-0.8144786196256282,-1.4805369382386664,-0.20868609071228594,0.4642857142857143
③a 多空·计提 funding,大额主动买,271,2026-01-01,2026-09-28,-0.1620030670421626,-0.21183339100622633,-0.6541157732031944,-0.3437581963198625,0.5535055350553506,120,2026-06-01,2026-09-28,-0.12422141057991243,-0.3319903531877799,-0.9033946120196864,-0.2597330982393299,0.5083333333333333,45,2026-08-15,2026-09-28,-0.1497354677956102,-0.731709570558104,-1.5166756136818638,-0.2597330982393299,0.4222222222222222,28.0,2026-09-01,2026-09-28,-0.18408143770670948,-0.9294896119496431,-1.7759269895918475,-0.25918713367578783,0.35714285714285715
③a 多空·计提 funding,资金费率,243,2026-01-01,2026-08-31,0.450082244326637,0.747515497282653,2.498334136534272,-0.18413014885909007,0.5473251028806584,92,2026-06-01,2026-08-31,-0.10892961752327268,-0.3671783348955965,-1.089822743308799,-0.17289908571851098,0.5,17,2026-08-15,2026-08-31,-0.06818399096893091,-0.7804665732960214,-1.464488308830861,-0.12031552388413036,0.35294117647058826,,,,,,,,
③a 多空·计提 funding,持仓量变化,271,2026-01-01,2026-09-28,0.9637201132604061,1.4816366305667157,3.8489591319094565,-0.17699545296800723,0.5535055350553506,120,2026-06-01,2026-09-28,0.13946940075910752,0.4875467128626967,1.103370881825301,-0.1769954529680069,0.55,45,2026-08-15,2026-09-28,-0.026942068910139283,-0.198706440958051,-0.34834400901712986,-0.17699545296800678,0.4888888888888889,28.0,2026-09-01,2026-09-28,-0.0790992229068831,-0.658422858415435,-0.9720615259573315,-0.1769954529680069,0.5
③a 多空·计提 funding,散户多空比,271,2026-01-01,2026-09-28,0.23185923668215414,0.3242604724355498,1.2154904902662669,-0.1476262143319269,0.5424354243542435,120,2026-06-01,2026-09-28,0.13071289142948928,0.45304828191758895,1.6505608173781516,-0.1193409318551798,0.5416666666666666,45,2026-08-15,2026-09-28,0.09040283755669853,1.017772107364249,3.346076424696945,-0.056266484005921935,0.6,28.0,2026-09-01,2026-09-28,0.048170634536737644,0.8464840595041312,2.3945107946265076,-0.05626648400592227,0.6428571428571429
③a 多空·计提 funding,大户多空比,271,2026-01-01,2026-09-28,-0.34831344744935877,-0.43825967838067426,-1.2762265909434267,-0.49849159822951106,0.45018450184501846,120,2026-06-01,2026-09-28,0.14778348358742122,0.5208069149455818,1.391482279888782,-0.16623146478267303,0.49166666666666664,45,2026-08-15,2026-09-28,0.24608266213865027,4.956499966974019,10.600209552904818,-0.08118925128158483,0.5555555555555556,28.0,2026-09-01,2026-09-28,0.2598426807328702,19.309295070231517,37.08324361288649,-0.04751248340947334,0.5714285714285714
③b 纯多头现货超额,理想反转,271,2026-01-01,2026-09-28,-0.03482733031772234,-0.04662214914026985,-0.2731956239944942,-0.1646210549333048,0.4870848708487085,120,2026-06-01,2026-09-28,0.023052939745456635,0.07178270357131944,0.3809127552863504,-0.10441819233440663,0.5166666666666667,45,2026-08-15,2026-09-28,0.01533941775247949,0.13142183900356263,0.6782534972682235,-0.05272915755722807,0.6,28.0,2026-09-01,2026-09-28,0.021908496622458307,0.3264542465268312,1.5877894326838569,-0.05272915755722807,0.6071428571428571
③b 纯多头现货超额,截面动量,271,2026-01-01,2026-09-28,-0.27591675121151393,-0.3526274902966121,-1.3718379251047386,-0.31503016982247467,0.4059040590405904,120,2026-06-01,2026-09-28,-0.22393853565285626,-0.5375117590745754,-2.064416940158634,-0.2596440448458661,0.38333333333333336,45,2026-08-15,2026-09-28,-0.10013215745117987,-0.5750492441311981,-1.9543803604721637,-0.12427622340321476,0.3333333333333333,28.0,2026-09-01,2026-09-28,-0.04224608817357056,-0.4303191170123958,-1.2789001687888037,-0.07585348139339743,0.35714285714285715
③b 纯多头现货超额,低价位振幅,271,2026-01-01,2026-09-28,0.01634299102614767,0.022073947114251258,0.14216020638257168,-0.1268415741594403,0.5166051660516605,120,2026-06-01,2026-09-28,-0.09652400984021892,-0.2656331919137629,-1.7380775834792561,-0.1268415741594402,0.425,45,2026-08-15,2026-09-28,-0.07063647007297658,-0.4479860197969223,-2.5962481081764492,-0.08542324831833736,0.4444444444444444,28.0,2026-09-01,2026-09-28,-0.050277135720730004,-0.4895425974070835,-2.59282794239319,-0.0854232483183377,0.5
③b 纯多头现货超额,主动买入率,271,2026-01-01,2026-09-28,0.01845691506499647,0.024938201158415163,0.11737859564248361,-0.17099171325884222,0.4981549815498155,120,2026-06-01,2026-09-28,-0.006379204036340402,-0.01927733509856333,-0.08078946716568111,-0.13372094373379484,0.4583333333333333,45,2026-08-15,2026-09-28,-0.0001635998942204342,-0.0013262052897415888,-0.004430942495607076,-0.13233011159414998,0.4666666666666667,28.0,2026-09-01,2026-09-28,-0.0570892142538878,-0.5352642498834783,-1.5888343913154404,-0.13233011159414976,0.42857142857142855
③b 纯多头现货超额,大额主动买,271,2026-01-01,2026-09-28,-0.1964530979768373,-0.2551598186249896,-1.2078804354356099,-0.3525028856826371,0.5055350553505535,120,2026-06-01,2026-09-28,-0.09741716307982429,-0.2678391419537962,-1.2106631975410442,-0.1768687433808428,0.45,45,2026-08-15,2026-09-28,-0.07229754665699073,-0.4559380097848297,-1.6831793509863908,-0.17471611161324885,0.4444444444444444,28.0,2026-09-01,2026-09-28,-0.1129604282560075,-0.7903959109289053,-2.6284959942302573,-0.17471611161324874,0.32142857142857145
③b 纯多头现货超额,资金费率,243,2026-01-01,2026-08-31,0.26172172883908495,0.417924535532745,2.058834955732105,-0.0793779519395379,0.5637860082304527,92,2026-06-01,2026-08-31,0.05745251380561878,0.24810861355843583,1.1001319693358265,-0.07937795193953834,0.5869565217391305,17,2026-08-15,2026-08-31,0.026899114796471002,0.7681056285381722,2.130860094683585,-0.05085769193854317,0.5294117647058824,,,,,,,,
③b 纯多头现货超额,持仓量变化,271,2026-01-01,2026-09-28,0.39174670679215295,0.5608313952854613,2.177669746294283,-0.12677063427294055,0.5498154981549815,120,2026-06-01,2026-09-28,0.059397650845384176,0.1918487407609919,0.6408674352522195,-0.12677063427294044,0.5583333333333333,45,2026-08-15,2026-09-28,-0.053169176314766475,-0.35798865767982413,-0.8739344708152932,-0.12677063427294055,0.4666666666666667,28.0,2026-09-01,2026-09-28,-0.04978174867535767,-0.48606078144390286,-0.9904554795379286,-0.12677063427294022,0.4642857142857143
③b 纯多头现货超额,散户多空比,271,2026-01-01,2026-09-28,0.03985442606829115,0.05404632992490099,0.26966579121860634,-0.1365248705583414,0.47601476014760147,120,2026-06-01,2026-09-28,0.035260440039040386,0.11115827251191379,0.5128470508686019,-0.10180574905339856,0.475,45,2026-08-15,2026-09-28,-0.016591358968523928,-0.12689830932633106,-0.5105062848287926,-0.10180574905339868,0.4444444444444444,28.0,2026-09-01,2026-09-28,-0.06382506374501962,-0.5767293418963039,-2.0892935474167507,-0.09084265178327966,0.32142857142857145
③b 纯多头现货超额,大户多空比,271,2026-01-01,2026-09-28,-0.19601643675061708,-0.25461461216455283,-1.4235696237569835,-0.2769252475651829,0.43911439114391143,120,2026-06-01,2026-09-28,0.02350318294591114,0.07321806911810924,0.3410673447303697,-0.14856284095057193,0.4583333333333333,45,2026-08-15,2026-09-28,0.02743495702261467,0.24549142176544492,0.8353712676737185,-0.10362091406016893,0.4666666666666667,28.0,2026-09-01,2026-09-28,0.06850224066748134,1.3719655553269225,4.041745452513963,-0.06630634495454157,0.5357142857142857
④ 可交付产品 (周调仓·15bps),产品A·宽池top15·纯现货多头,243,2026-01-01,2026-08-31,-0.23914326896078575,-0.33669984651270113,-0.5852716607969458,-0.4772972601366219,0.46502057613168724,92,2026-06-01,2026-08-31,-0.0869098311712807,-0.3028242621457218,-0.5667805419107668,-0.24045386780444022,0.41304347826086957,17,2026-08-15,2026-08-31,0.1752136096800303,31.022055298878485,45.019482579094614,-0.08136298332280001,0.5294117647058824,,,,,,,,
④ 可交付产品 (周调仓·15bps),产品A·宽池top15·对冲beta,243,2026-01-01,2026-08-31,0.02320707630032781,0.03506066258782603,0.1676800827271993,-0.13932550925292908,0.4609053497942387,92,2026-06-01,2026-08-31,-0.02772153451346493,-0.1055402591791651,-0.4653741559681593,-0.09471985809837646,0.40217391304347827,17,2026-08-15,2026-08-31,-0.020427246166708768,-0.3579740055306141,-1.5326802801856017,-0.04307738125129579,0.47058823529411764,,,,,,,,
④ 可交付产品 (周调仓·15bps),产品B·大币top8·纯现货多头,243,2026-01-01,2026-08-31,-0.2698988490331815,-0.3765617491472928,-0.7213018437709443,-0.4571693446916897,0.4403292181069959,92,2026-06-01,2026-08-31,-0.10254141193078159,-0.34898677694093183,-0.6674670155381978,-0.17592733847630992,0.41304347826086957,17,2026-08-15,2026-08-31,0.16555230684925704,25.8210762552985,35.78895497083685,-0.10213157251262783,0.5294117647058824,,,,,,,,
④ 可交付产品 (周调仓·15bps),产品B·大币top8·对冲beta,243,2026-01-01,2026-08-31,0.00422838940872583,0.006358021334215591,0.048336954415990056,-0.11916402823134342,0.5349794238683128,92,2026-06-01,2026-08-31,-0.06545691348559945,-0.2355377686782807,-1.845153123101036,-0.11916402823134364,0.42391304347826086,17,2026-08-15,2026-08-31,-0.03683831996384501,-0.5533039206955436,-2.9812379845864676,-0.05442590838384076,0.35294117647058826,,,,,,,,
